{
		"textures": {"0": "block/dark_oak_planks"
	},
	"elements": [{
			"name": "Beam", "from": [0, 12, 7], "to": [16, 13, 9], "rotation": {"angle": 0, "axis": "y", "origin": [8, 2.05556, 8]}, "faces": {
				"north": {"uv": [0, 7, 16, 8], "texture": "#0"},
				"east": {"uv": [0, 7, 2, 8], "rotation": 180, "texture": "#0"},
				"south": {"uv": [0, 7, 16, 8], "texture": "#0"},
				"west": {"uv": [0, 7, 2, 8], "rotation": 180, "texture": "#0"},
				"down": {"uv": [0, 5, 16, 7], "rotation": 180, "texture": "#0"}
			}},
		{
			"name": "leg", "from": [8, 0, 6], "to": [16, 1, 10], "rotation": {"angle": 0, "axis": "y", "origin": [8, 2.05556, 8]}, "faces": {
				"north": {"uv": [0, 7, 8, 8], "texture": "#0"},
				"east": {"uv": [5, 7, 9, 8], "texture": "#0"},
				"south": {"uv": [8, 7, 16, 8], "texture": "#0"},
				"up": {"uv": [5, 3, 9, 11], "rotation": 90, "texture": "#0"},
				"down": {"uv": [9, 8, 13, 16], "rotation": 270, "texture": "#0"}
			}},
		{
			"name": "leg", "from": [0, 0, 6], "to": [8, 1, 10], "rotation": {"angle": 0, "axis": "y", "origin": [8, 2.05556, 8]}, "faces": {
				"north": {"uv": [8, 7, 16, 8], "texture": "#0"},
				"south": {"uv": [0, 7, 8, 8], "texture": "#0"},
				"west": {"uv": [12, 7, 16, 8], "texture": "#0"},
				"up": {"uv": [0, 8, 4, 16], "rotation": 90, "texture": "#0"},
				"down": {"uv": [5, 8, 9, 16], "rotation": 90, "texture": "#0"}
			}},
		{
			"name": "leg", "from": [0, 1, 7], "to": [8, 2, 9], "rotation": {"angle": 0, "axis": "y", "origin": [8, 2.05556, 8]}, "faces": {
				"north": {"uv": [0, 8, 1, 16], "rotation": 270, "texture": "#0"},
				"south": {"uv": [3, 8, 4, 16], "rotation": 90, "texture": "#0"},
				"west": {"uv": [12, 7, 14, 8], "texture": "#0"},
				"up": {"uv": [1, 8, 3, 16], "rotation": 90, "texture": "#0"}
			}},
		{
			"name": "leg", "from": [8, 1, 7], "to": [16, 2, 9], "rotation": {"angle": 0, "axis": "y", "origin": [8, 2.05556, 8]}, "faces": {
				"north": {"uv": [9, 3, 10, 11], "rotation": 270, "texture": "#0"},
				"east": {"uv": [5, 7, 7, 8], "texture": "#0"},
				"south": {"uv": [8, 3, 9, 11], "rotation": 90, "texture": "#0"},
				"up": {"uv": [6, 3, 8, 11], "rotation": 90, "texture": "#0"}
			}},
		{
			"name": "Peg", "from": [15, 0, 10], "to": [16, 1, 11], "rotation": {"angle": 0, "axis": "y", "origin": [8, 2.05556, 8]}, "faces": {
				"east": {"uv": [4, 7, 5, 8], "texture": "#0"},
				"south": {"uv": [3, 7, 4, 8], "texture": "#0"},
				"west": {"uv": [2, 7, 3, 8], "texture": "#0"},
				"up": {"uv": [8, 3, 9, 4], "rotation": 90, "texture": "#0"},
				"down": {"uv": [6, 3, 7, 4], "texture": "#0"}
			}},
		{
			"name": "Peg", "from": [15, 0, 5], "to": [16, 1, 6], "rotation": {"angle": 0, "axis": "y", "origin": [8, 2.05556, 8]}, "faces": {
				"north": {"uv": [10, 7, 11, 8], "texture": "#0"},
				"east": {"uv": [9, 7, 10, 8], "texture": "#0"},
				"west": {"uv": [11, 7, 12, 8], "texture": "#0"},
				"up": {"uv": [5, 3, 6, 4], "rotation": 90, "texture": "#0"},
				"down": {"uv": [6, 3, 7, 4], "texture": "#0"}
			}},
		{
			"name": "Peg", "from": [0, 0, 5], "to": [1, 1, 6], "rotation": {"angle": 0, "axis": "y", "origin": [8, 2.05556, 8]}, "faces": {
				"north": {"uv": [10, 7, 11, 8], "texture": "#0"},
				"east": {"uv": [9, 7, 10, 8], "texture": "#0"},
				"west": {"uv": [11, 7, 12, 8], "texture": "#0"},
				"up": {"uv": [15, 15, 16, 16], "rotation": 270, "texture": "#0"},
				"down": {"uv": [6, 3, 7, 4], "rotation": 180, "texture": "#0"}
			}},
		{
			"name": "Peg", "from": [0, 0, 10], "to": [1, 1, 11], "rotation": {"angle": 0, "axis": "y", "origin": [8, 2.05556, 8]}, "faces": {
				"east": {"uv": [2, 7, 3, 8], "texture": "#0"},
				"south": {"uv": [1, 7, 2, 8], "texture": "#0"},
				"west": {"uv": [0, 7, 1, 8], "texture": "#0"},
				"up": {"uv": [4, 15, 5, 16], "rotation": 270, "texture": "#0"},
				"down": {"uv": [6, 3, 7, 4], "rotation": 180, "texture": "#0"}
			}}
	],
	"display": {
		"thirdperson_righthand": {
			"rotation": [45, 0, 0], "translation": [0, 1, 0], "scale": [0.35, 0.35, 0.35]
		},
		"thirdperson_lefthand": {
			"rotation": [45, 0, 0], "translation": [0, 1, 0], "scale": [0.35, 0.35, 0.35]
		},
		"firstperson_righthand": {
			"rotation": [-10, 15, 0], "translation": [1, 0, 0], "scale": [0.4, 0.4, 0.4]
		},
		"firstperson_lefthand": {
			"rotation": [-10, 15, 0], "translation": [1, 0, 0], "scale": [0.4, 0.4, 0.4]
		},
		"ground": {
			"translation": [0, 1, 0], "scale": [0.3, 0.3, 0.3]
		},
		"gui": {
			"rotation": [35, -135, 0], "translation": [0, -1, 0], "scale": [0.5, 0.5, 0.5]
		},
		"head": {
			"translation": [0, -32.9, 0], "scale": [2.289, 2.289, 2.289]
		},
		"fixed": {
			"scale": [0.8, 0.8, 0.8]
		}
	}
}