{
		"textures": {"2": "block/shulker_box"
	},
	"elements": [{
			"name": "Side", "from": [3, 0, 12], "to": [5, 1, 13], "rotation": {"angle": 0, "axis": "y", "origin": [7, 0.5, 9]}, "faces": {
				"south": {"uv": [13, 15, 15, 16], "texture": "#2"},
				"west": {"uv": [13, 15, 14, 16], "rotation": 90, "texture": "#2"},
				"up": {"uv": [13, 15, 15, 16], "rotation": 180, "texture": "#2"}
			}},
		{
			"name": "Side", "from": [11, 0, 12], "to": [13, 1, 13], "rotation": {"angle": 0, "axis": "y", "origin": [9, 0.5, 9]}, "faces": {
				"east": {"uv": [0, 0, 1, 1], "texture": "#2"},
				"south": {"uv": [13, 15, 15, 16], "texture": "#2"},
				"up": {"uv": [13, 15, 15, 16], "rotation": 180, "texture": "#2"}
			}},
		{
			"name": "middle", "from": [5, 0, 4], "to": [11, 1, 10], "rotation": {"angle": 0, "axis": "y", "origin": [8, 0.5, 8]}, "faces": {
				"up": {"uv": [5, 5, 11, 11], "rotation": 180, "texture": "#2"}
			}},
		{
			"name": "Side", "from": [11, 0, 4], "to": [14, 1, 10], "rotation": {"angle": 0, "axis": "y", "origin": [9, 0.5, 8]}, "faces": {
				"east": {"uv": [15, 3, 16, 9], "rotation": 270, "texture": "#2"},
				"up": {"uv": [13, 3, 16, 9], "texture": "#2"}
			}},
		{
			"name": "Side", "from": [5, 0, 1], "to": [11, 1, 4], "rotation": {"angle": 0, "axis": "y", "origin": [8, 0.5, 7]}, "faces": {
				"north": {"uv": [7, 15, 13, 16], "rotation": 180, "texture": "#2"},
				"up": {"uv": [7, 13, 13, 16], "rotation": 180, "texture": "#2"}
			}},
		{
			"name": "Side", "from": [2, 0, 4], "to": [5, 1, 10], "rotation": {"angle": 0, "axis": "y", "origin": [7, 0.5, 8]}, "faces": {
				"west": {"uv": [15, 3, 16, 9], "rotation": 90, "texture": "#2"},
				"up": {"uv": [13, 3, 16, 9], "rotation": 180, "texture": "#2"}
			}},
		{
			"name": "Side", "from": [5, 0, 10], "to": [11, 1, 13], "rotation": {"angle": 0, "axis": "y", "origin": [8, 0.5, 9]}, "faces": {
				"south": {"uv": [7, 15, 13, 16], "texture": "#2"},
				"up": {"uv": [7, 13, 13, 16], "texture": "#2"}
			}},
		{
			"name": "Corner", "from": [11, 0, 1], "to": [14, 1, 4], "rotation": {"angle": 0, "axis": "y", "origin": [9, 0.5, 7]}, "faces": {
				"north": {"uv": [13, 15, 16, 16], "rotation": 180, "texture": "#2"},
				"east": {"uv": [15, 13, 16, 16], "rotation": 270, "texture": "#2"},
				"up": {"uv": [13, 13, 16, 16], "rotation": 270, "texture": "#2"}
			}},
		{
			"name": "Corner", "from": [2, 0, 10], "to": [5, 1, 12], "rotation": {"angle": 0, "axis": "y", "origin": [7, 0.5, 9]}, "faces": {
				"south": {"uv": [13, 2, 16, 3], "texture": "#2"},
				"west": {"uv": [15, 1, 16, 3], "rotation": 90, "texture": "#2"},
				"up": {"uv": [13, 1, 16, 3], "rotation": 180, "texture": "#2"}
			}},
		{
			"name": "Corner", "from": [2, 0, 1], "to": [5, 1, 4], "rotation": {"angle": 0, "axis": "y", "origin": [7, 0.5, 7]}, "faces": {
				"north": {"uv": [13, 15, 16, 16], "texture": "#2"},
				"west": {"uv": [15, 13, 16, 16], "rotation": 90, "texture": "#2"},
				"up": {"uv": [13, 13, 16, 16], "rotation": 180, "texture": "#2"}
			}},
		{
			"name": "Corner", "from": [11, 0, 10], "to": [14, 1, 12], "rotation": {"angle": 0, "axis": "y", "origin": [9, 0.5, 9]}, "faces": {
				"east": {"uv": [15, 13, 16, 15], "rotation": 270, "texture": "#2"},
				"south": {"uv": [13, 13, 16, 14], "texture": "#2"},
				"up": {"uv": [13, 13, 16, 15], "texture": "#2"}
			}},
		{
			"name": "Arm", "from": [0.5, 5, 2], "to": [2.535, 6, 12], "rotation": {"angle": 0, "axis": "y", "origin": [5.6, 5.5, 7]}, "faces": {
				"north": {"uv": [14, 3, 16, 4], "texture": "#2"},
				"east": {"uv": [14, 3, 15, 13], "rotation": 270, "texture": "#2"},
				"south": {"uv": [14, 8, 16, 9], "rotation": 180, "texture": "#2"},
				"west": {"uv": [15, 3, 16, 13], "rotation": 90, "texture": "#2"},
				"up": {"uv": [14, 3, 16, 13], "rotation": 180, "texture": "#2"}
			}},
		{
			"name": "Arm", "from": [0, 5.5, 11.95], "to": [3.035, 6.5, 14.985], "rotation": {"angle": 0, "axis": "y", "origin": [5, 6, 18]}, "faces": {
				"north": {"uv": [13, 13, 16, 14], "texture": "#2"},
				"east": {"uv": [13, 13, 14, 16], "rotation": 90, "texture": "#2"},
				"south": {"uv": [13, 15, 16, 16], "rotation": 180, "texture": "#2"},
				"west": {"uv": [15, 13, 16, 16], "rotation": 270, "texture": "#2"},
				"up": {"uv": [13, 13, 16, 16], "rotation": 90, "texture": "#2"}
			}},
		{
			"name": "Arm", "from": [13.45, 5, 2], "to": [15.485, 6, 12], "rotation": {"angle": 0, "axis": "y", "origin": [14.4675, 5.5, 7]}, "faces": {
				"north": {"uv": [14, 3, 16, 4], "rotation": 180, "texture": "#2"},
				"east": {"uv": [15, 3, 16, 13], "rotation": 90, "texture": "#2"},
				"south": {"uv": [14, 8, 16, 9], "rotation": 180, "texture": "#2"},
				"west": {"uv": [14, 3, 15, 13], "rotation": 90, "texture": "#2"},
				"up": {"uv": [14, 3, 16, 13], "texture": "#2"}
			}},
		{
			"name": "Arm", "from": [12.95, 5.5, 11.95], "to": [15.985, 6.5, 14.985], "rotation": {"angle": 0, "axis": "y", "origin": [17.5, 6, 18]}, "faces": {
				"north": {"uv": [13, 13, 16, 14], "texture": "#2"},
				"east": {"uv": [15, 13, 16, 16], "rotation": 90, "texture": "#2"},
				"south": {"uv": [13, 15, 16, 16], "texture": "#2"},
				"west": {"uv": [13, 13, 14, 16], "rotation": 270, "texture": "#2"},
				"up": {"uv": [13, 13, 16, 16], "texture": "#2"}
			}},
		{
			"name": "middle", "from": [5, 8.75, 0.25], "to": [11, 16.75, 1.25], "rotation": {"angle": 0, "axis": "x", "origin": [7, 9.75, 0.75]}, "faces": {
				"south": {"uv": [5, 3, 11, 11], "rotation": 180, "texture": "#2"}
			}},
		{
			"name": "Side", "from": [11, 8.75, 0.25], "to": [13, 16.75, 1.25], "rotation": {"angle": 0, "axis": "x", "origin": [7, 9.75, 0.75]}, "faces": {
				"east": {"uv": [15, 3, 16, 9], "rotation": 180, "texture": "#2"},
				"south": {"uv": [13, 4, 15, 12], "texture": "#2"}
			}},
		{
			"name": "Side", "from": [5, 16.75, 0.25], "to": [11, 19.75, 1.25], "rotation": {"angle": 0, "axis": "x", "origin": [7, 11.75, 0.75]}, "faces": {
				"south": {"uv": [7, 12, 13, 15], "rotation": 180, "texture": "#2"},
				"up": {"uv": [7, 15, 13, 16], "texture": "#2"}
			}},
		{
			"name": "Side", "from": [3, 8.75, 0.25], "to": [5, 16.75, 1.25], "rotation": {"angle": 0, "axis": "x", "origin": [7, 9.75, 0.75]}, "faces": {
				"south": {"uv": [13, 4, 15, 12], "rotation": 180, "texture": "#2"},
				"west": {"uv": [15, 3, 16, 9], "rotation": 180, "texture": "#2"}
			}},
		{
			"name": "Side", "from": [5, 5.75, 0.25], "to": [11, 8.75, 1.25], "rotation": {"angle": 0, "axis": "x", "origin": [7, 9.75, 0.75]}, "faces": {
				"south": {"uv": [7, 12, 13, 15], "texture": "#2"},
				"down": {"uv": [7, 15, 13, 16], "texture": "#2"}
			}},
		{
			"name": "Corner", "from": [11, 16.75, 0.25], "to": [13, 19.75, 1.25], "rotation": {"angle": 0, "axis": "x", "origin": [7, 11.75, 0.75]}, "faces": {
				"east": {"uv": [15, 13, 16, 16], "rotation": 180, "texture": "#2"},
				"south": {"uv": [12, 13, 15, 15], "rotation": 270, "texture": "#2"},
				"up": {"uv": [13, 15, 16, 16], "texture": "#2"}
			}},
		{
			"name": "Corner", "from": [3, 5.75, 0.25], "to": [5, 8.75, 1.25], "rotation": {"angle": 0, "axis": "x", "origin": [7, 9.75, 0.75]}, "faces": {
				"south": {"uv": [1, 12, 3, 15], "texture": "#2"},
				"west": {"uv": [15, 1, 16, 4], "rotation": 180, "texture": "#2"},
				"down": {"uv": [13, 2, 16, 3], "texture": "#2"}
			}},
		{
			"name": "Corner", "from": [3, 16.75, 0.25], "to": [5, 19.75, 1.25], "rotation": {"angle": 0, "axis": "x", "origin": [7, 11.75, 0.75]}, "faces": {
				"south": {"uv": [13, 12, 15, 15], "rotation": 180, "texture": "#2"},
				"west": {"uv": [15, 13, 16, 16], "rotation": 180, "texture": "#2"},
				"up": {"uv": [13, 15, 16, 16], "rotation": 180, "texture": "#2"}
			}},
		{
			"name": "Corner", "from": [11, 5.75, 0.25], "to": [13, 8.75, 1.25], "rotation": {"angle": 0, "axis": "x", "origin": [7, 9.75, 0.75]}, "faces": {
				"east": {"uv": [15, 13, 16, 16], "rotation": 180, "texture": "#2"},
				"south": {"uv": [13, 12, 15, 15], "texture": "#2"},
				"down": {"uv": [13, 13, 16, 14], "texture": "#2"}
			}}
	],
	"display": {
		"thirdperson_righthand": {
			"scale": [0.85, 0.85, 0.85]
		},
		"thirdperson_lefthand": {
			"rotation": [90, 90, 0], "translation": [-4, -2, -5], "scale": [2.01, 2.01, 2.01]
		},
		"firstperson_lefthand": {
			"scale": [0.2, 0.2, 0.2]
		},
		"gui": {
			"rotation": [30, 35, 0], "translation": [0, -4, 0], "scale": [0.5, 0.5, 0.5]
		},
		"head": {
			"rotation": [0, 90, 0], "translation": [0, -29.5, 0], "scale": [2.3, 2.3, 2.3]
		},
		"fixed": {
			"translation": [0, -4, 0], "scale": [0.5, 0.5, 0.5]
		}
	}
}