{
		"textures": {"0": "block/quartz_pillar_top",
		"1": "block/quartz_block_top",
		"particle": "block/quartz_block_top"
	},
	"elements": [{
			"name": "Leg2", "from": [4, 1, 0], "to": [12, 2, 8], "rotation": {"angle": 0, "axis": "y", "origin": [7.5, 5.5, 3.5]}, "faces": {
				"north": {"uv": [4, 11, 12, 12], "texture": "#1"},
				"east": {"uv": [5, 11, 13, 12], "texture": "#1"},
				"south": {"uv": [4, 11, 12, 12], "texture": "#1"},
				"west": {"uv": [5, 11, 13, 12], "texture": "#1"},
				"up": {"uv": [5, 4, 13, 12], "rotation": 270, "texture": "#0"}
			}},
		{
			"name": "Leg3", "from": [5, 2, 1], "to": [11, 3, 7], "rotation": {"angle": 0, "axis": "y", "origin": [7.5, 6.5, 3.5]}, "faces": {
				"north": {"uv": [5, 11, 11, 12], "texture": "#1"},
				"east": {"uv": [5, 11, 11, 12], "texture": "#1"},
				"south": {"uv": [5, 11, 11, 12], "texture": "#1"},
				"west": {"uv": [5, 11, 11, 12], "texture": "#1"},
				"up": {"uv": [5, 4, 11, 10], "rotation": 270, "texture": "#0"}
			}},
		{
			"name": "Leg2", "from": [6, 2, 2], "to": [10, 12, 6], "rotation": {"angle": 0, "axis": "y", "origin": [8, 7.5, 4]}, "faces": {
				"north": {"uv": [6, 4, 10, 14], "texture": "#1"},
				"east": {"uv": [6, 4, 10, 14], "texture": "#1"},
				"south": {"uv": [6, 4, 10, 14], "texture": "#1"},
				"west": {"uv": [6, 4, 10, 14], "texture": "#1"}
			}},
		{
			"name": "Leg2", "from": [3, 11, 1], "to": [13, 13, 7], "rotation": {"angle": 0, "axis": "y", "origin": [7.5, 6.5, 4.5]}, "faces": {
				"north": {"uv": [2, 13, 12, 15], "texture": "#1"},
				"east": {"uv": [2, 13, 8, 15], "texture": "#1"},
				"south": {"uv": [1, 13, 11, 15], "texture": "#1"},
				"west": {"uv": [2, 13, 8, 15], "texture": "#1"},
				"down": {"uv": [2, 4, 12, 10], "rotation": 180, "texture": "#1"}
			}},
		{
			"name": "Leg4", "from": [3, 0, 0], "to": [13, 1, 8], "rotation": {"angle": 0, "axis": "y", "origin": [7.5, -5.5, 4.5]}, "faces": {
				"north": {"uv": [3, 12, 13, 13], "texture": "#1"},
				"east": {"uv": [4, 12, 12, 13], "texture": "#1"},
				"south": {"uv": [3, 12, 13, 13], "texture": "#1"},
				"west": {"uv": [4, 12, 12, 13], "texture": "#1"},
				"up": {"uv": [3, 4, 13, 12], "texture": "#0"},
				"down": {"uv": [2, 3, 12, 11], "texture": "#1"}
			}},
		{
			"name": "Surface", "from": [0, 13, 0], "to": [16, 16, 16], "rotation": {"angle": 0, "axis": "y", "origin": [8, 21, 8]}, "faces": {
				"north": {"uv": [0, 0, 16, 4], "texture": "#0"},
				"east": {"uv": [0, 0, 16, 4], "texture": "#0"},
				"south": {"uv": [0, 0, 16, 4], "texture": "#0"},
				"west": {"uv": [0, 0, 16, 4], "texture": "#0"},
				"up": {"uv": [0, 0, 16, 16], "texture": "#0"},
				"down": {"uv": [0, 0, 16, 16], "texture": "#0"}
			}}
	],
	"display": {
		"thirdperson_righthand": {
			"rotation": [45, 0, 0], "translation": [0, 1, 0], "scale": [0.35, 0.35, 0.35]
		},
		"thirdperson_lefthand": {
			"rotation": [45, 0, 0], "translation": [0, 1, 0], "scale": [0.35, 0.35, 0.35]
		},
		"firstperson_righthand": {
			"rotation": [-10, 15, 0], "translation": [1, 0, 0], "scale": [0.4, 0.4, 0.4]
		},
		"firstperson_lefthand": {
			"rotation": [-10, 15, 0], "translation": [1, 0, 0], "scale": [0.4, 0.4, 0.4]
		},
		"ground": {
			"translation": [0, 1, 0], "scale": [0.3, 0.3, 0.3]
		},
		"gui": {
			"rotation": [35, -135, 0], "translation": [0, -1, 0], "scale": [0.5, 0.5, 0.5]
		},
		"head": {
			"translation": [0, -32.9, 0], "scale": [2.289, 2.289, 2.289]
		},
		"fixed": {
			"scale": [0.8, 0.8, 0.8]
		}
	}
}