{
		"textures": {"0": "block/oak_planks"
	},
	"elements": [{
			"name": "leg",
			"from": [6, 0, 0],
			"to": [10, 13, 2],
			"rotation": {"angle": 0, "axis": "y", "origin": [8, 10.5, 0]},
			"faces": {
				"north": {"uv": [6, 3, 10, 16], "texture": "#0"},
				"east": {"uv": [6, 3, 8, 16], "texture": "#0"},
				"south": {"uv": [6, 3, 10, 16], "texture": "#0"},
				"west": {"uv": [8, 3, 10, 16], "texture": "#0"},
				"down": {"uv": [6, 8, 10, 10], "texture": "#0"}
			}},
		{
			"name": "Under",
			"from": [0, 12, 0],
			"to": [6, 13, 2],
			"rotation": {"angle": 0, "axis": "y", "origin": [8, 10.5, 0]},
			"faces": {
				"north": {"uv": [10, 3, 16, 4], "texture": "#0"},
				"south": {"uv": [10, 4, 11, 10], "rotation": 270, "texture": "#0"},
				"west": {"uv": [6, 3, 8, 4], "texture": "#0"},
				"down": {"uv": [8, 4, 10, 10], "rotation": 270, "texture": "#0"}
			}},
		{
			"name": "Under",
			"from": [10, 12, 0],
			"to": [16, 13, 2],
			"rotation": {"angle": 0, "axis": "y", "origin": [8, 10.5, 0]},
			"faces": {
				"north": {"uv": [0, 3, 6, 4], "texture": "#0"},
				"east": {"uv": [6, 3, 8, 4], "texture": "#0"},
				"south": {"uv": [5, 4, 6, 10], "rotation": 90, "texture": "#0"},
				"down": {"uv": [6, 4, 8, 10], "rotation": 90, "texture": "#0"}
			}},
		{
			"name": "Under",
			"from": [6, 12, 2],
			"to": [10, 13, 16],
			"rotation": {"angle": 0, "axis": "y", "origin": [8, 12.5, 8]},
			"faces": {
				"east": {"uv": [0, 3, 14, 4], "texture": "#0"},
				"south": {"uv": [6, 3, 10, 4], "texture": "#0"},
				"west": {"uv": [2, 3, 16, 4], "texture": "#0"},
				"down": {"uv": [6, 2, 10, 16], "texture": "#0"}
			}}
	],
	"display": {
		"thirdperson_righthand": {
			"rotation": [45, 0, 0],
			"translation": [0, 1, 0],
			"scale": [0.35, 0.35, 0.35]
		},
		"thirdperson_lefthand": {
			"rotation": [45, 0, 0],
			"translation": [0, 1, 0],
			"scale": [0.35, 0.35, 0.35]
		},
		"firstperson_righthand": {
			"rotation": [-10, 15, 0],
			"translation": [1, 0, 0],
			"scale": [0.4, 0.4, 0.4]
		},
		"firstperson_lefthand": {
			"rotation": [-10, 15, 0],
			"translation": [1, 0, 0],
			"scale": [0.4, 0.4, 0.4]
		},
		"ground": {
			"translation": [0, 1, 0],
			"scale": [0.3, 0.3, 0.3]
		},
		"gui": {
			"rotation": [35, -135, 0],
			"translation": [0, -1, 0],
			"scale": [0.5, 0.5, 0.5]
		},
		"head": {
			"translation": [0, -32.9, 0],
			"scale": [2.289, 2.289, 2.289]
		},
		"fixed": {
			"scale": [0.8, 0.8, 0.8]
		}
	}
}