{
		"textures": {"0": "block/acacia_planks"
	},
	"elements": [{
			"name": "Beam",
			"from": [0, 12, 7],
			"to": [16, 13, 9],
			"rotation": {"angle": 0, "axis": "y", "origin": [8, 11.25, 8]},
			"faces": {
				"north": {"uv": [0, 3, 16, 4], "texture": "#0"},
				"east": {"uv": [7, 3, 9, 4], "texture": "#0"},
				"south": {"uv": [0, 3, 16, 4], "texture": "#0"},
				"west": {"uv": [7, 3, 9, 4], "texture": "#0"},
				"down": {"uv": [0, 4, 16, 6], "rotation": 180, "texture": "#0"}
			}},
		{
			"name": "Beam",
			"from": [0, 9, 7],
			"to": [16, 11, 9],
			"rotation": {"angle": 0, "axis": "y", "origin": [8, 11.25, 8]},
			"faces": {
				"north": {"uv": [0, 5, 16, 7], "texture": "#0"},
				"east": {"uv": [7, 5, 9, 7], "texture": "#0"},
				"south": {"uv": [0, 5, 16, 7], "texture": "#0"},
				"west": {"uv": [7, 5, 9, 7], "texture": "#0"},
				"up": {"uv": [0, 4, 16, 6], "rotation": 180, "texture": "#0"},
				"down": {"uv": [0, 4, 16, 6], "texture": "#0"}
			}},
		{
			"name": "Beam",
			"from": [15, 11, 7],
			"to": [16, 12, 9],
			"rotation": {"angle": 0, "axis": "y", "origin": [15.5, 11.5, 8]},
			"faces": {
				"north": {"uv": [0, 4, 1, 5], "texture": "#0"},
				"east": {"uv": [7, 4, 9, 5], "texture": "#0"},
				"south": {"uv": [15, 4, 16, 5], "texture": "#0"},
				"west": {"uv": [7, 4, 9, 5], "rotation": 180, "texture": "#0"}
			}},
		{
			"name": "Beam",
			"from": [0, 11, 7],
			"to": [1, 12, 9],
			"rotation": {"angle": 0, "axis": "y", "origin": [0.5, 11.5, 8]},
			"faces": {
				"north": {"uv": [15, 4, 16, 5], "texture": "#0"},
				"east": {"uv": [7, 4, 9, 5], "rotation": 180, "texture": "#0"},
				"south": {"uv": [0, 4, 1, 5], "texture": "#0"},
				"west": {"uv": [7, 4, 9, 5], "texture": "#0"}
			}}
	],
	"display": {
		"thirdperson_righthand": {
			"rotation": [45, 0, 0],
			"translation": [0, 1, 0],
			"scale": [0.35, 0.35, 0.35]
		},
		"thirdperson_lefthand": {
			"rotation": [45, 0, 0],
			"translation": [0, 1, 0],
			"scale": [0.35, 0.35, 0.35]
		},
		"firstperson_righthand": {
			"rotation": [-10, 15, 0],
			"translation": [1, 0, 0],
			"scale": [0.4, 0.4, 0.4]
		},
		"firstperson_lefthand": {
			"rotation": [-10, 15, 0],
			"translation": [1, 0, 0],
			"scale": [0.4, 0.4, 0.4]
		},
		"ground": {
			"translation": [0, 1, 0],
			"scale": [0.3, 0.3, 0.3]
		},
		"gui": {
			"rotation": [35, -135, 0],
			"translation": [0, -1, 0],
			"scale": [0.5, 0.5, 0.5]
		},
		"head": {
			"translation": [0, -32.9, 0],
			"scale": [2.289, 2.289, 2.289]
		},
		"fixed": {
			"scale": [0.8, 0.8, 0.8]
		}
	}
}