{
		"textures": {"0": "block/stonecutter_saw",
		"1": "block/oak_log_top",
		"2": "block/barrel_bottom",
		"3": "block/barrel_side",
		"particle": "block/stonecutter_saw"
	},
	"elements": [{
			"name": "base", "from": [0, 0, 0], "to": [16, 15, 16], "rotation": {"angle": 0, "axis": "y", "origin": [8, 7.5, 8]}, "faces": {
				"north": {"uv": [0, 1, 16, 16], "texture": "#2"},
				"east": {"uv": [0, 1, 16, 16], "texture": "#2"},
				"south": {"uv": [0, 1, 16, 16], "texture": "#2"},
				"west": {"uv": [0, 1, 16, 16], "texture": "#2"}
			}},
		{
			"from": [-0.01, -0.001, 15.01], "to": [0.99, 15, 16.01], "rotation": {"angle": 0, "axis": "y", "origin": [8, 8, 23]}, "faces": {
				"north": {"uv": [0, 0, 1, 15.001], "texture": "#3"},
				"east": {"uv": [0, 0, 1, 15.001], "texture": "#3"},
				"south": {"uv": [1, 11, 16, 12], "rotation": 90, "texture": "#3"},
				"west": {"uv": [1, 3, 16, 4], "rotation": 90, "texture": "#3"},
				"down": {"uv": [0, 4, 1, 5], "texture": "#3"}
			}},
		{
			"from": [-0.01, -0.001, -0.01], "to": [0.99, 15, 0.99], "faces": {
				"north": {"uv": [1, 11, 16, 12], "rotation": 90, "texture": "#3"},
				"east": {"uv": [1, 12, 16, 13], "rotation": 90, "texture": "#3"},
				"south": {"uv": [1, 4, 16, 5], "rotation": 90, "texture": "#3"},
				"west": {"uv": [0, 3, 15, 4], "rotation": 90, "texture": "#3"},
				"down": {"uv": [0, 4, 1, 5], "texture": "#3"}
			}},
		{
			"from": [15.01, -0.001, -0.01], "to": [16.01, 15, 0.99], "rotation": {"angle": 0, "axis": "y", "origin": [23.25, 8, 8]}, "faces": {
				"north": {"uv": [1, 11, 16, 12], "rotation": 90, "texture": "#3"},
				"east": {"uv": [1, 12, 16, 13], "rotation": 90, "texture": "#3"},
				"south": {"uv": [1, 4, 16, 5], "rotation": 90, "texture": "#3"},
				"west": {"uv": [0, 3, 15, 4], "rotation": 90, "texture": "#3"},
				"down": {"uv": [0, 4, 1, 5], "texture": "#3"}
			}},
		{
			"from": [15.01, -0.001, 15.01], "to": [16.01, 15, 16.01], "rotation": {"angle": 0, "axis": "y", "origin": [23.25, 8, 23]}, "faces": {
				"north": {"uv": [1, 11, 16, 12], "rotation": 90, "texture": "#3"},
				"east": {"uv": [1, 11, 16, 12], "rotation": 90, "texture": "#3"},
				"south": {"uv": [1, 12, 16, 13], "rotation": 90, "texture": "#3"},
				"west": {"uv": [0, 3, 15, 4], "rotation": 90, "texture": "#3"},
				"down": {"uv": [0, 4, 1, 5], "texture": "#3"}
			}},
		{
			"name": "Saw", "from": [8, 16, 0], "to": [8, 24, 16], "rotation": {"angle": 0, "axis": "y", "origin": [15.5, 24, 15]}, "faces": {
				"east": {"uv": [0, 8, 16, 16], "texture": "#0"},
				"west": {"uv": [0, 8, 16, 16], "texture": "#0"}
			}},
		{
			"name": "Log", "from": [0, 15, 0], "to": [16, 16, 16], "rotation": {"angle": 0, "axis": "y", "origin": [8, 23, 8]}, "faces": {
				"north": {"uv": [0, 0, 16, 1], "texture": "#1"},
				"east": {"uv": [0, 0, 16, 1], "texture": "#1"},
				"south": {"uv": [0, 0, 16, 1], "texture": "#1"},
				"west": {"uv": [0, 0, 16, 1], "texture": "#1"},
				"up": {"uv": [0, 0, 16, 16], "texture": "#1"},
				"down": {"uv": [0, 0, 16, 16], "texture": "#1"}
			}},
		{
			"name": "Split", "from": [7, 15.005, 2], "to": [8, 16.005, 14], "rotation": {"angle": 0, "axis": "y", "origin": [5, 23.5, 8]}, "faces": {
				"up": {"uv": [13, 2, 14, 14], "texture": "#1"}
			}},
		{
			"name": "Split", "from": [8, 15.005, 2], "to": [9, 16.005, 14], "rotation": {"angle": 0, "axis": "y", "origin": [6, 23.5, 8]}, "faces": {
				"up": {"uv": [13, 2, 14, 14], "texture": "#1"}
			}}
	],
	"display": {
		"thirdperson_righthand": {
			"rotation": [75, 45, 0], "translation": [0, 2.5, 0], "scale": [0.375, 0.375, 0.375]
		},
		"thirdperson_lefthand": {
			"rotation": [75, 45, 0], "translation": [0, 2.5, 0], "scale": [0.375, 0.375, 0.375]
		},
		"firstperson_righthand": {
			"rotation": [0, 45, 0], "scale": [0.4, 0.4, 0.4]
		},
		"firstperson_lefthand": {
			"rotation": [0, 225, 0], "scale": [0.4, 0.4, 0.4]
		},
		"ground": {
			"translation": [0, 3, 0], "scale": [0.25, 0.25, 0.25]
		},
		"gui": {
			"rotation": [30, 225, 0], "translation": [0, -0.5, 0], "scale": [0.6, 0.6, 0.6]
		},
		"head": {
			"translation": [0, -40, 0], "scale": [2.29, 2.29, 2.29]
		},
		"fixed": {
			"scale": [0.5, 0.5, 0.5]
		}
	}
}