{
		"textures": {"1": "block/warped_roots",
		"particle": "block/warped_roots"
	},
	"elements": [{
			"from": [0, 3, 0], "to": [16, 13, 16], "rotation": {"angle": 0, "axis": "y", "origin": [8, 20, 8]}, "faces": {
				"north": {"uv": [0, 1, 16, 11], "rotation": 180, "texture": "#1"},
				"east": {"uv": [0, 1, 16, 11], "rotation": 180, "texture": "#1"},
				"south": {"uv": [0, 1, 16, 11], "rotation": 180, "texture": "#1"},
				"west": {"uv": [0, 1, 16, 11], "rotation": 180, "texture": "#1"}
			}},
		{
			"from": [0, 3, 16], "to": [16, 13, 0], "rotation": {"angle": 0, "axis": "y", "origin": [8, 8, -8]}, "faces": {
				"north": {"uv": [0, 1, 16, 11], "rotation": 180, "texture": "#1"},
				"east": {"uv": [0, 1, 16, 11], "rotation": 180, "texture": "#1"},
				"south": {"uv": [0, 1, 16, 11], "rotation": 180, "texture": "#1"},
				"west": {"uv": [0, 1, 16, 11], "rotation": 180, "texture": "#1"}
			}},
		{
			"name": "inside vine", "from": [1, 6, 1], "to": [5, 13, 5], "rotation": {"angle": 0, "axis": "y", "origin": [9, 20, 9]}, "faces": {
				"north": {"uv": [6, 9, 10, 16], "rotation": 180, "texture": "#1"},
				"west": {"uv": [3, 9, 7, 16], "rotation": 180, "texture": "#1"}
			}},
		{
			"name": "inside vine", "from": [1, 6, 11], "to": [5, 13, 15], "rotation": {"angle": 0, "axis": "y", "origin": [3, 9.5, 13]}, "faces": {
				"south": {"uv": [3, 9, 7, 16], "rotation": 180, "texture": "#1"},
				"west": {"uv": [6, 9, 10, 16], "rotation": 180, "texture": "#1"}
			}},
		{
			"name": "inside vine", "from": [11, 6, 11], "to": [15, 13, 15], "rotation": {"angle": 0, "axis": "y", "origin": [13, 9.5, 13]}, "faces": {
				"east": {"uv": [3, 9, 7, 16], "rotation": 180, "texture": "#1"},
				"south": {"uv": [6, 9, 10, 16], "rotation": 180, "texture": "#1"}
			}},
		{
			"name": "inside vine", "from": [11, 6, 1], "to": [15, 13, 5], "rotation": {"angle": 0, "axis": "y", "origin": [13, 9.5, 3]}, "faces": {
				"north": {"uv": [3, 9, 7, 16], "rotation": 180, "texture": "#1"},
				"east": {"uv": [6, 9, 10, 16], "rotation": 180, "texture": "#1"}
			}}
	],
	"display": {
		"thirdperson_righthand": {
			"rotation": [45, 0, 0], "translation": [0, 1, 0], "scale": [0.35, 0.35, 0.35]
		},
		"thirdperson_lefthand": {
			"rotation": [45, 0, 0], "translation": [0, 1, 0], "scale": [0.35, 0.35, 0.35]
		},
		"firstperson_righthand": {
			"rotation": [-10, 15, 0], "translation": [1, 0, 0], "scale": [0.4, 0.4, 0.4]
		},
		"firstperson_lefthand": {
			"rotation": [-10, 15, 0], "translation": [1, 0, 0], "scale": [0.4, 0.4, 0.4]
		},
		"ground": {
			"translation": [0, 1, 0], "scale": [0.3, 0.3, 0.3]
		},
		"gui": {
			"rotation": [35, -135, 0], "translation": [0, -1, 0], "scale": [0.5, 0.5, 0.5]
		},
		"head": {
			"translation": [0, -32.9, 0], "scale": [2.289, 2.289, 2.289]
		},
		"fixed": {
			"scale": [0.8, 0.8, 0.8]
		}
	}
}