{
	"credit": "Made with Blockbench, a free, modern block model editor by JannisX11",
	"textures": {"0": "block/spruce_planks"
	},
	"elements": [{
			"name": "Leg1", "from": [6.5, 1, 6.5], "to": [9.5, 12, 9.5], "faces": {
				"north": {"uv": [0, 0, 3, 11], "texture": "#0"},
				"east": {"uv": [0, 0, 3, 11], "texture": "#0"},
				"south": {"uv": [0, 0, 3, 11], "texture": "#0"},
				"west": {"uv": [0, 0, 3, 11], "texture": "#0"}
			}},
		{
			"name": "Leg3", "from": [6.5, 3, 6], "to": [9.5, 8, 10], "faces": {
				"north": {"uv": [0, 4, 3, 9], "texture": "#0"},
				"east": {"uv": [4, 4, 8, 9], "texture": "#0"},
				"south": {"uv": [7, 4, 10, 9], "texture": "#0"},
				"west": {"uv": [9.5, 4, 13.5, 9], "texture": "#0"},
				"up": {"uv": [0, 0, 3, 4], "texture": "#0"},
				"down": {"uv": [0, 0, 1, 1], "texture": "#0"}
			}},
		{
			"name": "Leg5", "from": [7, 10.5, 2], "to": [9, 11.5, 14], "faces": {
				"north": {"uv": [13.5, 3.5, 15.5, 4.5], "texture": "#0"},
				"east": {"uv": [1, 4.5, 13, 5.5], "texture": "#0"},
				"south": {"uv": [4, 3.5, 6, 4.5], "texture": "#0"},
				"west": {"uv": [0.5, 4.5, 12.5, 5.5], "texture": "#0"},
				"down": {"uv": [7, 0.5, 9, 12.5], "texture": "#0"}
			}},
		{
			"name": "Leg6", "from": [7.3, 11, 1.25], "to": [8.7, 11.7, 14.75], "faces": {
				"north": {"uv": [1, 3, 2.4, 3.7], "texture": "#0"},
				"east": {"uv": [0.5, 3, 13.5, 3.7], "texture": "#0"},
				"south": {"uv": [0, 3, 1.4, 3.7], "texture": "#0"},
				"west": {"uv": [0, 1, 13, 1.7], "texture": "#0"},
				"down": {"uv": [14.5, 0, 16, 13], "texture": "#0"}
			}},
		{
			"name": "Leg10", "from": [5.7, 0, 5.7], "to": [10.3, 3, 10.3], "faces": {
				"north": {"uv": [5, 10, 8, 13], "texture": "#0"},
				"east": {"uv": [5, 10, 8, 13], "texture": "#0"},
				"south": {"uv": [2, 6, 5, 9], "texture": "#0"},
				"west": {"uv": [9, 6, 12, 9], "texture": "#0"},
				"up": {"uv": [1, 3, 4, 4], "texture": "#0"},
				"down": {"uv": [1, 2, 2, 3], "texture": "#0"}
			}},
		{
			"name": "Leg9", "from": [6, 3, 6.5], "to": [10, 8, 9.5], "faces": {
				"north": {"uv": [5.5, 4, 9.5, 9], "texture": "#0"},
				"east": {"uv": [11.5, 4, 14.5, 9], "texture": "#0"},
				"south": {"uv": [1, 4, 5, 9], "texture": "#0"},
				"west": {"uv": [7.5, 4, 10.5, 9], "texture": "#0"},
				"up": {"uv": [0, 0, 4, 3], "texture": "#0", "rotation": 90},
				"down": {"uv": [0, 0, 1, 1], "texture": "#0"}
			}},
		{
			"name": "Leg11", "from": [6.5, 0.35, 0.15], "to": [9.5, 1.1, 15.85], "faces": {
				"north": {"uv": [1, 5, 3, 6], "texture": "#0"},
				"east": {"uv": [2, 4, 14, 5], "texture": "#0"},
				"south": {"uv": [2, 5, 4, 6], "texture": "#0"},
				"west": {"uv": [1, 5, 13, 6], "texture": "#0"},
				"up": {"uv": [0, 2, 2, 14], "texture": "#0"}
			}},
		{
			"name": "Leg12", "from": [6.3, 0.1, 0], "to": [9.7, 0.8, 16], "faces": {
				"north": {"uv": [1, 5, 3, 6], "texture": "#0"},
				"east": {"uv": [3, 4, 15, 5], "texture": "#0"},
				"south": {"uv": [2, 5, 4, 6], "texture": "#0"},
				"west": {"uv": [1, 5, 13, 6], "texture": "#0"},
				"up": {"uv": [0, 3, 2, 15], "texture": "#0"},
				"down": {"uv": [6, 3, 8, 8], "texture": "#0"}
			}},
		{
			"name": "Surface1", "from": [0, 12.75, 0], "to": [16, 14.75, 16], "faces": {
				"north": {"uv": [0, 3, 16, 5], "texture": "#0"},
				"east": {"uv": [0, 11, 16, 13], "texture": "#0"},
				"south": {"uv": [0, 7, 16, 9], "texture": "#0"},
				"west": {"uv": [0, 11, 16, 13], "texture": "#0"},
				"up": {"uv": [0, 0, 16, 16], "texture": "#0", "rotation": 180},
				"down": {"uv": [0, 0, 16, 16], "texture": "#0"}
			}},
		{
			"name": "Surface3", "from": [0.5, 11.4, 0.5], "to": [15.5, 12.75, 15.5], "faces": {
				"north": {"uv": [0.5, 7.5, 15.5, 8.85], "texture": "#0"},
				"east": {"uv": [0.5, 7.5, 15.5, 8.85], "texture": "#0"},
				"south": {"uv": [1, 3.5, 16, 4.85], "texture": "#0"},
				"west": {"uv": [0.5, 7.5, 15.5, 8.85], "texture": "#0"},
				"down": {"uv": [0.5, 0.5, 15.5, 15.5], "texture": "#0", "rotation": 180}
			}},
		{
			"name": "Leg6", "from": [2, 10.5, 7], "to": [14, 11.5, 9], "faces": {
				"north": {"uv": [4, 9.5, 16, 10.5], "texture": "#0"},
				"east": {"uv": [1, 6.5, 3, 7.5], "texture": "#0"},
				"south": {"uv": [4, 10.5, 16, 11.5], "texture": "#0"},
				"west": {"uv": [7, 1.5, 9, 2.5], "texture": "#0"},
				"down": {"uv": [0, 1.5, 12, 3.5], "texture": "#0"}
			}},
		{
			"name": "Leg7", "from": [1.3, 11, 7.25], "to": [14.8, 11.7, 8.65], "faces": {
				"north": {"uv": [3, 2.5, 16, 3.2], "texture": "#0"},
				"east": {"uv": [7, 2.5, 8.4, 3.2], "texture": "#0"},
				"south": {"uv": [3, 2.5, 16, 3.2], "texture": "#0"},
				"west": {"uv": [0, 0, 1.4, 0.7], "texture": "#0"},
				"down": {"uv": [0, 0, 13, 1.4], "texture": "#0"}
			}},
		{
			"name": "Leg12", "from": [0.15, 0.35, 6.5], "to": [15.85, 1.1, 9.5], "faces": {
				"north": {"uv": [0, 2, 12, 3], "texture": "#0"},
				"east": {"uv": [0, 0, 3, 0.75], "texture": "#0"},
				"south": {"uv": [0, 6, 12, 7], "texture": "#0"},
				"west": {"uv": [5.5, 2, 7.5, 3], "texture": "#0"},
				"up": {"uv": [2, 8, 14, 11], "texture": "#0"}
			}},
		{
			"name": "Leg13", "from": [0, 0.1, 6.3], "to": [16, 0.8, 9.7], "faces": {
				"north": {"uv": [3, 15, 15, 16], "texture": "#0"},
				"east": {"uv": [0, 0, 3.4, 0.7], "texture": "#0"},
				"south": {"uv": [3, 11, 15, 12], "texture": "#0"},
				"west": {"uv": [11, 11, 13, 12], "texture": "#0"},
				"up": {"uv": [1, 8, 13, 11.4], "texture": "#0"},
				"down": {"uv": [6, 4, 9.8, 5.4], "texture": "#0"}
			}}
	],
	"display": {
		"thirdperson_righthand": {
			"rotation": [0, -90, 0], "translation": [0, 8, 0]
		},
		"thirdperson_lefthand": {
			"rotation": [0, -90, 0], "translation": [0, 8, 0], "scale": [1.5, 1.2, 1.5]
		},
		"firstperson_lefthand": {
			"rotation": [0, -90, 0], "translation": [-10, 0, 0], "scale": [0.5, 0.5, 0.5]
		},
		"gui": {
			"rotation": [0, 90, 0], "translation": [0, 0, 0]
		},
		"head": {
			"rotation": [0, 0, 0], "translation": [0, -31.5, 0], "scale": [2.29, 2.5, 2.29]
		},
		"fixed": {
			"rotation": [0, 90, 0], "translation": [0, 0, 0]
		}
	}
}