{
		"textures": {"0": "block/jungle_planks",
		"1": "block/jungle_trapdoor",
		"particle": "block/jungle_trapdoor"
	},
	"elements": [{
			"name": "Surface1", "from": [13, 13, 3], "to": [16, 16, 13], "rotation": {"angle": 0, "axis": "y", "origin": [8, 9, 8]}, "faces": {
				"east": {"uv": [3, 0, 13, 3], "texture": "#0"},
				"west": {"uv": [3, 0, 13, 3], "texture": "#0"},
				"up": {"uv": [3, 0, 13, 3], "rotation": 90, "texture": "#0"},
				"down": {"uv": [3, 0, 13, 3], "rotation": 90, "texture": "#0"}
			}},
		{
			"name": "Surface2", "from": [0, 13, 3], "to": [3, 16, 13], "rotation": {"angle": 0, "axis": "y", "origin": [8, 9, 8]}, "faces": {
				"east": {"uv": [3, 0, 13, 3], "texture": "#0"},
				"west": {"uv": [3, 0, 13, 3], "texture": "#0"},
				"up": {"uv": [3, 0, 13, 3], "rotation": 270, "texture": "#0"},
				"down": {"uv": [3, 0, 13, 3], "rotation": 270, "texture": "#0"}
			}},
		{
			"name": "Surface2", "from": [0, 13, 13], "to": [16, 16, 16], "rotation": {"angle": 0, "axis": "y", "origin": [8, 9, 8]}, "faces": {
				"north": {"uv": [0, 0, 16, 3], "texture": "#0"},
				"east": {"uv": [0, 0, 3, 3], "texture": "#0"},
				"south": {"uv": [0, 0, 16, 3], "texture": "#0"},
				"west": {"uv": [13, 0, 16, 3], "texture": "#0"},
				"up": {"uv": [0, 0, 16, 3], "rotation": 180, "texture": "#0"},
				"down": {"uv": [0, 0, 16, 3], "rotation": 180, "texture": "#0"}
			}},
		{
			"name": "Surface3", "from": [0, 13, 0], "to": [16, 16, 3], "rotation": {"angle": 0, "axis": "y", "origin": [8, 9, 8]}, "faces": {
				"north": {"uv": [0, 0, 16, 3], "texture": "#0"},
				"east": {"uv": [13, 0, 16, 3], "texture": "#0"},
				"south": {"uv": [0, 0, 16, 3], "texture": "#0"},
				"west": {"uv": [0, 0, 3, 3], "texture": "#0"},
				"up": {"uv": [0, 0, 16, 3], "texture": "#0"},
				"down": {"uv": [0, 0, 16, 3], "texture": "#0"}
			}},
		{
			"name": "trapdoor", "from": [3, 13, 8], "to": [13, 16, 13], "rotation": {"angle": 0, "axis": "y", "origin": [8, 14.5, 10.5]}, "faces": {
				"up": {"uv": [3, 8, 13, 13], "texture": "#1"},
				"down": {"uv": [3, 8, 13, 13], "rotation": 180, "texture": "#1"}
			}},
		{
			"name": "trapdoor", "from": [3, 13, 3], "to": [13, 16, 8], "rotation": {"angle": 0, "axis": "y", "origin": [8, 14.5, 5.5]}, "faces": {
				"up": {"uv": [3, 8, 13, 13], "rotation": 180, "texture": "#1"},
				"down": {"uv": [3, 8, 13, 13], "texture": "#1"}
			}}
	],
	"display": {
		"thirdperson_righthand": {
			"rotation": [45, 0, 0], "translation": [0, 1, 0], "scale": [0.35, 0.35, 0.35]
		},
		"thirdperson_lefthand": {
			"rotation": [45, 0, 0], "translation": [0, 1, 0], "scale": [0.35, 0.35, 0.35]
		},
		"firstperson_righthand": {
			"rotation": [-10, 15, 0], "translation": [1, 0, 0], "scale": [0.4, 0.4, 0.4]
		},
		"firstperson_lefthand": {
			"rotation": [-10, 15, 0], "translation": [1, 0, 0], "scale": [0.4, 0.4, 0.4]
		},
		"ground": {
			"translation": [0, 1, 0], "scale": [0.3, 0.3, 0.3]
		},
		"gui": {
			"rotation": [35, -135, 0], "translation": [0, -2, 0], "scale": [0.5, 0.5, 0.5]
		},
		"head": {
			"translation": [0, -32.9, 0], "scale": [2.289, 2.289, 2.289]
		},
		"fixed": {
			"scale": [0.8, 0.8, 0.8]
		}
	}
}