{
    "parent": "block/barrel",
    "overrides": [
      {
        "predicate": { "custom_model_data":1 }, 
        "model": "item/mover/handle_wood_barrel"
      },
      {
        "predicate": { "custom_model_data":2 }, 
        "model": "item/mover/handle_iron_barrel"
      },
      {
        "predicate": { "custom_model_data":3 }, 
        "model": "item/mover/handle_gold_barrel"
      },
      {
        "predicate": { "custom_model_data":4 }, 
        "model": "item/mover/handle_obsidian_barrel"
      },
      {
        "predicate": { "custom_model_data":5 }, 
        "model": "item/mover/handle_diamond_barrel"
      },
      {
        "predicate": { "custom_model_data":6 }, 
        "model": "item/mover/handle_diamond_netherite"
      }
    ]
}
