{
     "parent": "block/jungle_trapdoor_bottom",
     "textures": {
        "texture": "block/jungle_trapdoor",
        "edge": "block/jungle_trapdoor_edge"
     },
     "overrides": [
        { "predicate": {"custom_model_data": 9000000}, "model": "tac/empty_model"},
        { "predicate": {"custom_model_data": 9000500}, "model": "tac/chair/basic/oak"},

        { "predicate": {"custom_model_data": 9001000}, "model": "tac/chair/basic/oak"},
        { "predicate": {"custom_model_data": 9001001}, "model": "tac/chair/basic/spruce"},
        { "predicate": {"custom_model_data": 9001002}, "model": "tac/chair/basic/birch"},
        { "predicate": {"custom_model_data": 9001003}, "model": "tac/chair/basic/jungle"},
        { "predicate": {"custom_model_data": 9001004}, "model": "tac/chair/basic/acacia"},
        { "predicate": {"custom_model_data": 9001005}, "model": "tac/chair/basic/dark_oak"},
        { "predicate": {"custom_model_data": 9001006}, "model": "tac/chair/basic/crimson"},
        { "predicate": {"custom_model_data": 9001007}, "model": "tac/chair/basic/warped"},
        { "predicate": {"custom_model_data": 9001010}, "model": "tac/chair/basic/obsidian"},
        { "predicate": {"custom_model_data": 9001011}, "model": "tac/chair/basic/quartz"},
        { "predicate": {"custom_model_data": 9001012}, "model": "tac/chair/basic/blackstone"},

        { "predicate": {"custom_model_data": 9001050}, "model": "tac/chair/simple/oak"},
        { "predicate": {"custom_model_data": 9001051}, "model": "tac/chair/simple/spruce"},
        { "predicate": {"custom_model_data": 9001052}, "model": "tac/chair/simple/birch"},
        { "predicate": {"custom_model_data": 9001053}, "model": "tac/chair/simple/jungle"},
        { "predicate": {"custom_model_data": 9001054}, "model": "tac/chair/simple/acacia"},
        { "predicate": {"custom_model_data": 9001055}, "model": "tac/chair/simple/dark_oak"},
        { "predicate": {"custom_model_data": 9001056}, "model": "tac/chair/simple/crimson"},
        { "predicate": {"custom_model_data": 9001057}, "model": "tac/chair/simple/warped"},
        { "predicate": {"custom_model_data": 9001060}, "model": "tac/chair/simple/obsidian"},
        { "predicate": {"custom_model_data": 9001061}, "model": "tac/chair/simple/quartz"},
        { "predicate": {"custom_model_data": 9001062}, "model": "tac/chair/simple/blackstone"},

        { "predicate": {"custom_model_data": 9001100}, "model": "tac/chair/carved/oak"},
        { "predicate": {"custom_model_data": 9001101}, "model": "tac/chair/carved/spruce"},
        { "predicate": {"custom_model_data": 9001102}, "model": "tac/chair/carved/birch"},
        { "predicate": {"custom_model_data": 9001103}, "model": "tac/chair/carved/jungle"},
        { "predicate": {"custom_model_data": 9001104}, "model": "tac/chair/carved/acacia"},
        { "predicate": {"custom_model_data": 9001105}, "model": "tac/chair/carved/dark_oak"},
        { "predicate": {"custom_model_data": 9001106}, "model": "tac/chair/carved/crimson"},
        { "predicate": {"custom_model_data": 9001107}, "model": "tac/chair/carved/warped"},
        { "predicate": {"custom_model_data": 9001110}, "model": "tac/chair/carved/obsidian"},
        { "predicate": {"custom_model_data": 9001111}, "model": "tac/chair/carved/quartz"},
        { "predicate": {"custom_model_data": 9001112}, "model": "tac/chair/carved/blackstone"},

        { "predicate": {"custom_model_data": 9001200}, "model": "tac/chair/fancy/1/oak"},
        { "predicate": {"custom_model_data": 9001201}, "model": "tac/chair/fancy/1/spruce"},
        { "predicate": {"custom_model_data": 9001202}, "model": "tac/chair/fancy/1/birch"},
        { "predicate": {"custom_model_data": 9001203}, "model": "tac/chair/fancy/1/jungle"},
        { "predicate": {"custom_model_data": 9001204}, "model": "tac/chair/fancy/1/acacia"},
        { "predicate": {"custom_model_data": 9001205}, "model": "tac/chair/fancy/1/dark_oak"},
        { "predicate": {"custom_model_data": 9001206}, "model": "tac/chair/fancy/1/crimson"},
        { "predicate": {"custom_model_data": 9001207}, "model": "tac/chair/fancy/1/warped"},
        { "predicate": {"custom_model_data": 9001210}, "model": "tac/chair/fancy/1/obsidian"},
        { "predicate": {"custom_model_data": 9001211}, "model": "tac/chair/fancy/1/quartz"},
        { "predicate": {"custom_model_data": 9001212}, "model": "tac/chair/fancy/1/blackstone"},

        { "predicate": {"custom_model_data": 9001250}, "model": "tac/chair/fancy/2/oak"},
        { "predicate": {"custom_model_data": 9001251}, "model": "tac/chair/fancy/2/spruce"},
        { "predicate": {"custom_model_data": 9001252}, "model": "tac/chair/fancy/2/birch"},
        { "predicate": {"custom_model_data": 9001253}, "model": "tac/chair/fancy/2/jungle"},
        { "predicate": {"custom_model_data": 9001254}, "model": "tac/chair/fancy/2/acacia"},
        { "predicate": {"custom_model_data": 9001255}, "model": "tac/chair/fancy/2/dark_oak"},
        { "predicate": {"custom_model_data": 9001256}, "model": "tac/chair/fancy/2/crimson"},
        { "predicate": {"custom_model_data": 9001257}, "model": "tac/chair/fancy/2/warped"},
        { "predicate": {"custom_model_data": 9001260}, "model": "tac/chair/fancy/2/obsidian"},
        { "predicate": {"custom_model_data": 9001261}, "model": "tac/chair/fancy/2/quartz"},
        { "predicate": {"custom_model_data": 9001262}, "model": "tac/chair/fancy/2/blackstone"},

        { "predicate": {"custom_model_data": 9001300}, "model": "tac/chair/throne/oak"},
        { "predicate": {"custom_model_data": 9001301}, "model": "tac/chair/throne/spruce"},
        { "predicate": {"custom_model_data": 9001302}, "model": "tac/chair/throne/birch"},
        { "predicate": {"custom_model_data": 9001303}, "model": "tac/chair/throne/jungle"},
        { "predicate": {"custom_model_data": 9001304}, "model": "tac/chair/throne/acacia"},
        { "predicate": {"custom_model_data": 9001305}, "model": "tac/chair/throne/dark_oak"},
        { "predicate": {"custom_model_data": 9001306}, "model": "tac/chair/throne/crimson"},
        { "predicate": {"custom_model_data": 9001307}, "model": "tac/chair/throne/warped"},
        { "predicate": {"custom_model_data": 9001310}, "model": "tac/chair/throne/obsidian"},
        { "predicate": {"custom_model_data": 9001311}, "model": "tac/chair/throne/quartz"},
        { "predicate": {"custom_model_data": 9001312}, "model": "tac/chair/throne/blackstone"},

        { "predicate": {"custom_model_data": 9001320}, "model": "tac/chair/throne/iron"},
        { "predicate": {"custom_model_data": 9001321}, "model": "tac/chair/throne/gold"},
        { "predicate": {"custom_model_data": 9001322}, "model": "tac/chair/throne/diamond"},
        { "predicate": {"custom_model_data": 9001323}, "model": "tac/chair/throne/netherite"},


        { "predicate": {"custom_model_data": 9001500}, "model": "tac/sawmill/sawmill"},
        





        { "predicate": {"custom_model_data": 9001600}, "model": "tac/table/carpet/white"},
        { "predicate": {"custom_model_data": 9001601}, "model": "tac/table/carpet/orange"},
        { "predicate": {"custom_model_data": 9001602}, "model": "tac/table/carpet/magenta"},
        { "predicate": {"custom_model_data": 9001603}, "model": "tac/table/carpet/light_blue"},
        { "predicate": {"custom_model_data": 9001604}, "model": "tac/table/carpet/yellow"},
        { "predicate": {"custom_model_data": 9001605}, "model": "tac/table/carpet/lime"},
        { "predicate": {"custom_model_data": 9001606}, "model": "tac/table/carpet/pink"},
        { "predicate": {"custom_model_data": 9001607}, "model": "tac/table/carpet/gray"},
        { "predicate": {"custom_model_data": 9001608}, "model": "tac/table/carpet/light_gray"},
        { "predicate": {"custom_model_data": 9001609}, "model": "tac/table/carpet/cyan"},
        { "predicate": {"custom_model_data": 9001610}, "model": "tac/table/carpet/purple"},
        { "predicate": {"custom_model_data": 9001611}, "model": "tac/table/carpet/blue"},
        { "predicate": {"custom_model_data": 9001612}, "model": "tac/table/carpet/brown"},
        { "predicate": {"custom_model_data": 9001613}, "model": "tac/table/carpet/green"},
        { "predicate": {"custom_model_data": 9001614}, "model": "tac/table/carpet/red"},
        { "predicate": {"custom_model_data": 9001615}, "model": "tac/table/carpet/black"},
        
        { "predicate": {"custom_model_data": 9001620}, "model": "tac/chair/carpet/normal/white"},
        { "predicate": {"custom_model_data": 9001621}, "model": "tac/chair/carpet/normal/orange"},
        { "predicate": {"custom_model_data": 9001622}, "model": "tac/chair/carpet/normal/magenta"},
        { "predicate": {"custom_model_data": 9001623}, "model": "tac/chair/carpet/normal/light_blue"},
        { "predicate": {"custom_model_data": 9001624}, "model": "tac/chair/carpet/normal/yellow"},
        { "predicate": {"custom_model_data": 9001625}, "model": "tac/chair/carpet/normal/lime"},
        { "predicate": {"custom_model_data": 9001626}, "model": "tac/chair/carpet/normal/pink"},
        { "predicate": {"custom_model_data": 9001627}, "model": "tac/chair/carpet/normal/gray"},
        { "predicate": {"custom_model_data": 9001628}, "model": "tac/chair/carpet/normal/light_gray"},
        { "predicate": {"custom_model_data": 9001629}, "model": "tac/chair/carpet/normal/cyan"},
        { "predicate": {"custom_model_data": 9001630}, "model": "tac/chair/carpet/normal/purple"},
        { "predicate": {"custom_model_data": 9001631}, "model": "tac/chair/carpet/normal/blue"},
        { "predicate": {"custom_model_data": 9001632}, "model": "tac/chair/carpet/normal/brown"},
        { "predicate": {"custom_model_data": 9001633}, "model": "tac/chair/carpet/normal/green"},
        { "predicate": {"custom_model_data": 9001634}, "model": "tac/chair/carpet/normal/red"},
        { "predicate": {"custom_model_data": 9001635}, "model": "tac/chair/carpet/normal/black"},

        { "predicate": {"custom_model_data": 9001640}, "model": "tac/chair/carpet/armchair/white"},
        { "predicate": {"custom_model_data": 9001641}, "model": "tac/chair/carpet/armchair/orange"},
        { "predicate": {"custom_model_data": 9001642}, "model": "tac/chair/carpet/armchair/magenta"},
        { "predicate": {"custom_model_data": 9001643}, "model": "tac/chair/carpet/armchair/light_blue"},
        { "predicate": {"custom_model_data": 9001644}, "model": "tac/chair/carpet/armchair/yellow"},
        { "predicate": {"custom_model_data": 9001645}, "model": "tac/chair/carpet/armchair/lime"},
        { "predicate": {"custom_model_data": 9001646}, "model": "tac/chair/carpet/armchair/pink"},
        { "predicate": {"custom_model_data": 9001647}, "model": "tac/chair/carpet/armchair/gray"},
        { "predicate": {"custom_model_data": 9001648}, "model": "tac/chair/carpet/armchair/light_gray"},
        { "predicate": {"custom_model_data": 9001649}, "model": "tac/chair/carpet/armchair/cyan"},
        { "predicate": {"custom_model_data": 9001650}, "model": "tac/chair/carpet/armchair/purple"},
        { "predicate": {"custom_model_data": 9001651}, "model": "tac/chair/carpet/armchair/blue"},
        { "predicate": {"custom_model_data": 9001652}, "model": "tac/chair/carpet/armchair/brown"},
        { "predicate": {"custom_model_data": 9001653}, "model": "tac/chair/carpet/armchair/green"},
        { "predicate": {"custom_model_data": 9001654}, "model": "tac/chair/carpet/armchair/red"},
        { "predicate": {"custom_model_data": 9001655}, "model": "tac/chair/carpet/armchair/black"},

        { "predicate": {"custom_model_data": 9001660}, "model": "tac/chair/carpet/armchair_2/white"},
        { "predicate": {"custom_model_data": 9001661}, "model": "tac/chair/carpet/armchair_2/orange"},
        { "predicate": {"custom_model_data": 9001662}, "model": "tac/chair/carpet/armchair_2/magenta"},
        { "predicate": {"custom_model_data": 9001663}, "model": "tac/chair/carpet/armchair_2/light_blue"},
        { "predicate": {"custom_model_data": 9001664}, "model": "tac/chair/carpet/armchair_2/yellow"},
        { "predicate": {"custom_model_data": 9001665}, "model": "tac/chair/carpet/armchair_2/lime"},
        { "predicate": {"custom_model_data": 9001666}, "model": "tac/chair/carpet/armchair_2/pink"},
        { "predicate": {"custom_model_data": 9001667}, "model": "tac/chair/carpet/armchair_2/gray"},
        { "predicate": {"custom_model_data": 9001668}, "model": "tac/chair/carpet/armchair_2/light_gray"},
        { "predicate": {"custom_model_data": 9001669}, "model": "tac/chair/carpet/armchair_2/cyan"},
        { "predicate": {"custom_model_data": 9001670}, "model": "tac/chair/carpet/armchair_2/purple"},
        { "predicate": {"custom_model_data": 9001671}, "model": "tac/chair/carpet/armchair_2/blue"},
        { "predicate": {"custom_model_data": 9001672}, "model": "tac/chair/carpet/armchair_2/brown"},
        { "predicate": {"custom_model_data": 9001673}, "model": "tac/chair/carpet/armchair_2/green"},
        { "predicate": {"custom_model_data": 9001674}, "model": "tac/chair/carpet/armchair_2/red"},
        { "predicate": {"custom_model_data": 9001675}, "model": "tac/chair/carpet/armchair_2/black"},

        { "predicate": {"custom_model_data": 9001700}, "model": "tac/chair/carpet/throne_1/white"},
        { "predicate": {"custom_model_data": 9001701}, "model": "tac/chair/carpet/throne_1/orange"},
        { "predicate": {"custom_model_data": 9001702}, "model": "tac/chair/carpet/throne_1/magenta"},
        { "predicate": {"custom_model_data": 9001703}, "model": "tac/chair/carpet/throne_1/light_blue"},
        { "predicate": {"custom_model_data": 9001704}, "model": "tac/chair/carpet/throne_1/yellow"},
        { "predicate": {"custom_model_data": 9001705}, "model": "tac/chair/carpet/throne_1/lime"},
        { "predicate": {"custom_model_data": 9001706}, "model": "tac/chair/carpet/throne_1/pink"},
        { "predicate": {"custom_model_data": 9001707}, "model": "tac/chair/carpet/throne_1/gray"},
        { "predicate": {"custom_model_data": 9001708}, "model": "tac/chair/carpet/throne_1/light_gray"},
        { "predicate": {"custom_model_data": 9001709}, "model": "tac/chair/carpet/throne_1/cyan"},
        { "predicate": {"custom_model_data": 9001710}, "model": "tac/chair/carpet/throne_1/purple"},
        { "predicate": {"custom_model_data": 9001711}, "model": "tac/chair/carpet/throne_1/blue"},
        { "predicate": {"custom_model_data": 9001712}, "model": "tac/chair/carpet/throne_1/brown"},
        { "predicate": {"custom_model_data": 9001713}, "model": "tac/chair/carpet/throne_1/green"},
        { "predicate": {"custom_model_data": 9001714}, "model": "tac/chair/carpet/throne_1/red"},
        { "predicate": {"custom_model_data": 9001715}, "model": "tac/chair/carpet/throne_1/black"},
        
        { "predicate": {"custom_model_data": 9001720}, "model": "tac/chair/carpet/throne_2/white"},
        { "predicate": {"custom_model_data": 9001721}, "model": "tac/chair/carpet/throne_2/orange"},
        { "predicate": {"custom_model_data": 9001722}, "model": "tac/chair/carpet/throne_2/magenta"},
        { "predicate": {"custom_model_data": 9001723}, "model": "tac/chair/carpet/throne_2/light_blue"},
        { "predicate": {"custom_model_data": 9001724}, "model": "tac/chair/carpet/throne_2/yellow"},
        { "predicate": {"custom_model_data": 9001725}, "model": "tac/chair/carpet/throne_2/lime"},
        { "predicate": {"custom_model_data": 9001726}, "model": "tac/chair/carpet/throne_2/pink"},
        { "predicate": {"custom_model_data": 9001727}, "model": "tac/chair/carpet/throne_2/gray"},
        { "predicate": {"custom_model_data": 9001728}, "model": "tac/chair/carpet/throne_2/light_gray"},
        { "predicate": {"custom_model_data": 9001729}, "model": "tac/chair/carpet/throne_2/cyan"},
        { "predicate": {"custom_model_data": 9001730}, "model": "tac/chair/carpet/throne_2/purple"},
        { "predicate": {"custom_model_data": 9001731}, "model": "tac/chair/carpet/throne_2/blue"},
        { "predicate": {"custom_model_data": 9001732}, "model": "tac/chair/carpet/throne_2/brown"},
        { "predicate": {"custom_model_data": 9001733}, "model": "tac/chair/carpet/throne_2/green"},
        { "predicate": {"custom_model_data": 9001734}, "model": "tac/chair/carpet/throne_2/red"},
        { "predicate": {"custom_model_data": 9001735}, "model": "tac/chair/carpet/throne_2/black"},
        





        
        { "predicate": {"custom_model_data": 9002000}, "model": "tac/table/top/oak"},
        { "predicate": {"custom_model_data": 9002001}, "model": "tac/table/oak/basic_1/1"},
        { "predicate": {"custom_model_data": 9002002}, "model": "tac/table/oak/basic_1/2"},
        { "predicate": {"custom_model_data": 9002003}, "model": "tac/table/oak/basic_1/3"},        
        { "predicate": {"custom_model_data": 9002004}, "model": "tac/table/empty"},
        { "predicate": {"custom_model_data": 9002009}, "model": "tac/table/oak/basic_1/full"},
        { "predicate": {"custom_model_data": 9002011}, "model": "tac/table/oak/basic_2/1"},
        { "predicate": {"custom_model_data": 9002012}, "model": "tac/table/oak/basic_2/2"},
        { "predicate": {"custom_model_data": 9002013}, "model": "tac/table/oak/basic_2/3"},
        { "predicate": {"custom_model_data": 9002014}, "model": "tac/table/oak/basic_2/4"},
        { "predicate": {"custom_model_data": 9002014}, "model": "tac/table/empty"},
        { "predicate": {"custom_model_data": 9002019}, "model": "tac/table/oak/basic_2/full"},

        { "predicate": {"custom_model_data": 9002100}, "model": "tac/table/top/spruce"},
        { "predicate": {"custom_model_data": 9002101}, "model": "tac/table/spruce/basic_1/1"},
        { "predicate": {"custom_model_data": 9002102}, "model": "tac/table/spruce/basic_1/2"},
        { "predicate": {"custom_model_data": 9002103}, "model": "tac/table/spruce/basic_1/3"},        
        { "predicate": {"custom_model_data": 9002104}, "model": "tac/table/empty"},
        { "predicate": {"custom_model_data": 9002109}, "model": "tac/table/spruce/basic_1/full"},
        { "predicate": {"custom_model_data": 9002111}, "model": "tac/table/spruce/basic_2/1"},
        { "predicate": {"custom_model_data": 9002112}, "model": "tac/table/spruce/basic_2/2"},
        { "predicate": {"custom_model_data": 9002113}, "model": "tac/table/spruce/basic_2/3"},
        { "predicate": {"custom_model_data": 9002114}, "model": "tac/table/spruce/basic_2/4"},
        { "predicate": {"custom_model_data": 9002114}, "model": "tac/table/empty"},
        { "predicate": {"custom_model_data": 9002119}, "model": "tac/table/spruce/basic_2/full"},
        { "predicate": {"custom_model_data": 9002121}, "model": "tac/table/spruce/carved_1/1"},
        { "predicate": {"custom_model_data": 9002122}, "model": "tac/table/spruce/carved_1/2"},
        { "predicate": {"custom_model_data": 9002123}, "model": "tac/table/spruce/carved_1/3"},        
        { "predicate": {"custom_model_data": 9002124}, "model": "tac/table/empty"},
        { "predicate": {"custom_model_data": 9002129}, "model": "tac/table/spruce/carved_1/full"},
        { "predicate": {"custom_model_data": 9002131}, "model": "tac/table/spruce/carved_2/1"},
        { "predicate": {"custom_model_data": 9002132}, "model": "tac/table/spruce/carved_2/2"},
        { "predicate": {"custom_model_data": 9002133}, "model": "tac/table/spruce/carved_2/3"},        
        { "predicate": {"custom_model_data": 9002134}, "model": "tac/table/empty"},
        { "predicate": {"custom_model_data": 9002139}, "model": "tac/table/spruce/carved_2/full"},

        { "predicate": {"custom_model_data": 9002200}, "model": "tac/table/top/birch"},
        { "predicate": {"custom_model_data": 9002201}, "model": "tac/table/birch/basic_1/1"},
        { "predicate": {"custom_model_data": 9002202}, "model": "tac/table/birch/basic_1/2"},
        { "predicate": {"custom_model_data": 9002203}, "model": "tac/table/birch/basic_1/3"},        
        { "predicate": {"custom_model_data": 9002204}, "model": "tac/table/empty"},
        { "predicate": {"custom_model_data": 9002209}, "model": "tac/table/birch/basic_1/full"},
        { "predicate": {"custom_model_data": 9002211}, "model": "tac/table/birch/basic_2/1"},
        { "predicate": {"custom_model_data": 9002212}, "model": "tac/table/birch/basic_2/2"},
        { "predicate": {"custom_model_data": 9002213}, "model": "tac/table/birch/basic_2/3"},
        { "predicate": {"custom_model_data": 9002214}, "model": "tac/table/birch/basic_2/4"},
        { "predicate": {"custom_model_data": 9002214}, "model": "tac/table/empty"},
        { "predicate": {"custom_model_data": 9002219}, "model": "tac/table/birch/basic_2/full"},
        { "predicate": {"custom_model_data": 9002221}, "model": "tac/table/birch/carved_1/1"},
        { "predicate": {"custom_model_data": 9002222}, "model": "tac/table/birch/carved_1/2"},
        { "predicate": {"custom_model_data": 9002223}, "model": "tac/table/birch/carved_1/3"},        
        { "predicate": {"custom_model_data": 9002224}, "model": "tac/table/empty"},
        { "predicate": {"custom_model_data": 9002229}, "model": "tac/table/birch/carved_1/full"},
        { "predicate": {"custom_model_data": 9002231}, "model": "tac/table/birch/carved_2/1"},
        { "predicate": {"custom_model_data": 9002232}, "model": "tac/table/birch/carved_2/2"},
        { "predicate": {"custom_model_data": 9002233}, "model": "tac/table/birch/carved_2/3"},        
        { "predicate": {"custom_model_data": 9002234}, "model": "tac/table/empty"},
        { "predicate": {"custom_model_data": 9002239}, "model": "tac/table/birch/carved_2/full"},
        
        { "predicate": {"custom_model_data": 9002300}, "model": "tac/table/top/jungle"},
        { "predicate": {"custom_model_data": 9002301}, "model": "tac/table/jungle/basic_1/1"},
        { "predicate": {"custom_model_data": 9002302}, "model": "tac/table/jungle/basic_1/2"},
        { "predicate": {"custom_model_data": 9002303}, "model": "tac/table/jungle/basic_1/3"},        
        { "predicate": {"custom_model_data": 9002304}, "model": "tac/table/empty"},
        { "predicate": {"custom_model_data": 9002309}, "model": "tac/table/jungle/basic_1/full"},
        { "predicate": {"custom_model_data": 9002311}, "model": "tac/table/jungle/basic_2/1"},
        { "predicate": {"custom_model_data": 9002312}, "model": "tac/table/jungle/basic_2/2"},
        { "predicate": {"custom_model_data": 9002313}, "model": "tac/table/jungle/basic_2/3"},
        { "predicate": {"custom_model_data": 9002314}, "model": "tac/table/jungle/basic_2/4"},
        { "predicate": {"custom_model_data": 9002314}, "model": "tac/table/empty"},
        { "predicate": {"custom_model_data": 9002319}, "model": "tac/table/jungle/basic_2/full"},
        { "predicate": {"custom_model_data": 9002321}, "model": "tac/table/jungle/carved_1/1"},
        { "predicate": {"custom_model_data": 9002322}, "model": "tac/table/jungle/carved_1/2"},
        { "predicate": {"custom_model_data": 9002323}, "model": "tac/table/jungle/carved_1/3"},        
        { "predicate": {"custom_model_data": 9002324}, "model": "tac/table/jungle/carved_1/empty"},
        { "predicate": {"custom_model_data": 9002329}, "model": "tac/table/jungle/carved_1/full"},
        { "predicate": {"custom_model_data": 9002331}, "model": "tac/table/jungle/carved_2/1"},
        { "predicate": {"custom_model_data": 9002332}, "model": "tac/table/jungle/carved_2/2"},
        { "predicate": {"custom_model_data": 9002333}, "model": "tac/table/jungle/carved_2/3"},        
        { "predicate": {"custom_model_data": 9002334}, "model": "tac/table/empty"},
        { "predicate": {"custom_model_data": 9002339}, "model": "tac/table/jungle/carved_2/full"},
        
        { "predicate": {"custom_model_data": 9002400}, "model": "tac/table/top/acacia"},
        { "predicate": {"custom_model_data": 9002401}, "model": "tac/table/acacia/basic_1/1"},
        { "predicate": {"custom_model_data": 9002402}, "model": "tac/table/acacia/basic_1/2"},
        { "predicate": {"custom_model_data": 9002403}, "model": "tac/table/acacia/basic_1/3"},        
        { "predicate": {"custom_model_data": 9002404}, "model": "tac/table/empty"},
        { "predicate": {"custom_model_data": 9002409}, "model": "tac/table/acacia/basic_1/full"},
        { "predicate": {"custom_model_data": 9002411}, "model": "tac/table/acacia/basic_2/1"},
        { "predicate": {"custom_model_data": 9002412}, "model": "tac/table/acacia/basic_2/2"},
        { "predicate": {"custom_model_data": 9002413}, "model": "tac/table/acacia/basic_2/3"},
        { "predicate": {"custom_model_data": 9002414}, "model": "tac/table/acacia/basic_2/4"},
        { "predicate": {"custom_model_data": 9002414}, "model": "tac/table/empty"},
        { "predicate": {"custom_model_data": 9002419}, "model": "tac/table/acacia/basic_2/full"},
        { "predicate": {"custom_model_data": 9002421}, "model": "tac/table/acacia/carved_1/1"},
        { "predicate": {"custom_model_data": 9002422}, "model": "tac/table/acacia/carved_1/2"},
        { "predicate": {"custom_model_data": 9002423}, "model": "tac/table/acacia/carved_1/3"},        
        { "predicate": {"custom_model_data": 9002424}, "model": "tac/table/acacia/carved_1/empty_1"},
        { "predicate": {"custom_model_data": 9002429}, "model": "tac/table/acacia/carved_1/full"},
        { "predicate": {"custom_model_data": 9002431}, "model": "tac/table/acacia/carved_2/1"},
        { "predicate": {"custom_model_data": 9002432}, "model": "tac/table/acacia/carved_2/2"},
        { "predicate": {"custom_model_data": 9002433}, "model": "tac/table/acacia/carved_2/3"},        
        { "predicate": {"custom_model_data": 9002434}, "model": "tac/table/empty"},
        { "predicate": {"custom_model_data": 9002439}, "model": "tac/table/acacia/carved_2/full"},
        
        { "predicate": {"custom_model_data": 9002500}, "model": "tac/table/top/dark_oak"},
        { "predicate": {"custom_model_data": 9002501}, "model": "tac/table/dark_oak/basic_1/1"},
        { "predicate": {"custom_model_data": 9002502}, "model": "tac/table/dark_oak/basic_1/2"},
        { "predicate": {"custom_model_data": 9002503}, "model": "tac/table/dark_oak/basic_1/3"},        
        { "predicate": {"custom_model_data": 9002504}, "model": "tac/table/empty"},
        { "predicate": {"custom_model_data": 9002509}, "model": "tac/table/dark_oak/basic_1/full"},
        { "predicate": {"custom_model_data": 9002511}, "model": "tac/table/dark_oak/basic_2/1"},
        { "predicate": {"custom_model_data": 9002512}, "model": "tac/table/dark_oak/basic_2/2"},
        { "predicate": {"custom_model_data": 9002513}, "model": "tac/table/dark_oak/basic_2/3"},
        { "predicate": {"custom_model_data": 9002514}, "model": "tac/table/dark_oak/basic_2/4"},
        { "predicate": {"custom_model_data": 9002514}, "model": "tac/table/empty"},
        { "predicate": {"custom_model_data": 9002519}, "model": "tac/table/dark_oak/basic_2/full"},
        { "predicate": {"custom_model_data": 9002521}, "model": "tac/table/dark_oak/carved_1/1"},
        { "predicate": {"custom_model_data": 9002522}, "model": "tac/table/dark_oak/carved_1/2"},
        { "predicate": {"custom_model_data": 9002523}, "model": "tac/table/dark_oak/carved_1/3"},        
        { "predicate": {"custom_model_data": 9002524}, "model": "tac/table/empty"},
        { "predicate": {"custom_model_data": 9002529}, "model": "tac/table/dark_oak/carved_1/full"},
        { "predicate": {"custom_model_data": 9002531}, "model": "tac/table/dark_oak/carved_2/1"},
        { "predicate": {"custom_model_data": 9002532}, "model": "tac/table/dark_oak/carved_2/2"},
        { "predicate": {"custom_model_data": 9002533}, "model": "tac/table/dark_oak/carved_2/3"},        
        { "predicate": {"custom_model_data": 9002534}, "model": "tac/table/empty"},
        { "predicate": {"custom_model_data": 9002539}, "model": "tac/table/dark_oak/carved_2/full"},
      
        { "predicate": {"custom_model_data": 9002600}, "model": "tac/table/top/crimson"},
        { "predicate": {"custom_model_data": 9002601}, "model": "tac/table/crimson/basic_1/1"},
        { "predicate": {"custom_model_data": 9002602}, "model": "tac/table/crimson/basic_1/2"},
        { "predicate": {"custom_model_data": 9002603}, "model": "tac/table/crimson/basic_1/3"},        
        { "predicate": {"custom_model_data": 9002604}, "model": "tac/table/empty"},
        { "predicate": {"custom_model_data": 9002609}, "model": "tac/table/crimson/basic_1/full"},
        { "predicate": {"custom_model_data": 9002611}, "model": "tac/table/crimson/basic_2/1"},
        { "predicate": {"custom_model_data": 9002612}, "model": "tac/table/crimson/basic_2/2"},
        { "predicate": {"custom_model_data": 9002613}, "model": "tac/table/crimson/basic_2/3"},
        { "predicate": {"custom_model_data": 9002614}, "model": "tac/table/crimson/basic_2/4"},
        { "predicate": {"custom_model_data": 9002614}, "model": "tac/table/empty"},
        { "predicate": {"custom_model_data": 9002619}, "model": "tac/table/crimson/basic_2/full"},
        { "predicate": {"custom_model_data": 9002621}, "model": "tac/table/crimson/carved_1/1"},
        { "predicate": {"custom_model_data": 9002622}, "model": "tac/table/crimson/carved_1/2"},
        { "predicate": {"custom_model_data": 9002623}, "model": "tac/table/crimson/carved_1/3"},        
        { "predicate": {"custom_model_data": 9002624}, "model": "tac/table/crimson/carved_1/empty_1"},
        { "predicate": {"custom_model_data": 9002629}, "model": "tac/table/crimson/carved_1/full"},
        { "predicate": {"custom_model_data": 9002631}, "model": "tac/table/crimson/carved_2/1"},
        { "predicate": {"custom_model_data": 9002632}, "model": "tac/table/crimson/carved_2/2"},
        { "predicate": {"custom_model_data": 9002633}, "model": "tac/table/crimson/carved_2/3"},        
        { "predicate": {"custom_model_data": 9002634}, "model": "tac/table/empty"},
        { "predicate": {"custom_model_data": 9002639}, "model": "tac/table/crimson/carved_2/full"},
        
        { "predicate": {"custom_model_data": 9002700}, "model": "tac/table/top/warped"},
        { "predicate": {"custom_model_data": 9002701}, "model": "tac/table/warped/basic_1/1"},
        { "predicate": {"custom_model_data": 9002702}, "model": "tac/table/warped/basic_1/2"},
        { "predicate": {"custom_model_data": 9002703}, "model": "tac/table/warped/basic_1/3"},        
        { "predicate": {"custom_model_data": 9002704}, "model": "tac/table/empty"},
        { "predicate": {"custom_model_data": 9002709}, "model": "tac/table/warped/basic_1/full"},
        { "predicate": {"custom_model_data": 9002711}, "model": "tac/table/warped/basic_2/1"},
        { "predicate": {"custom_model_data": 9002712}, "model": "tac/table/warped/basic_2/2"},
        { "predicate": {"custom_model_data": 9002713}, "model": "tac/table/warped/basic_2/3"},
        { "predicate": {"custom_model_data": 9002714}, "model": "tac/table/warped/basic_2/4"},
        { "predicate": {"custom_model_data": 9002714}, "model": "tac/table/empty"},
        { "predicate": {"custom_model_data": 9002719}, "model": "tac/table/warped/basic_2/full"},
        { "predicate": {"custom_model_data": 9002721}, "model": "tac/table/warped/carved_1/1"},
        { "predicate": {"custom_model_data": 9002722}, "model": "tac/table/warped/carved_1/2"},
        { "predicate": {"custom_model_data": 9002723}, "model": "tac/table/warped/carved_1/3"},        
        { "predicate": {"custom_model_data": 9002724}, "model": "tac/table/warped/carved_1/empty_1"},
        { "predicate": {"custom_model_data": 9002729}, "model": "tac/table/warped/carved_1/full"},
        { "predicate": {"custom_model_data": 9002731}, "model": "tac/table/warped/carved_2/1"},
        { "predicate": {"custom_model_data": 9002732}, "model": "tac/table/warped/carved_2/2"},
        { "predicate": {"custom_model_data": 9002733}, "model": "tac/table/warped/carved_2/3"},        
        { "predicate": {"custom_model_data": 9002734}, "model": "tac/table/warped/carved_2/empty_1"},
        { "predicate": {"custom_model_data": 9002739}, "model": "tac/table/warped/carved_2/full"},
         
        { "predicate": {"custom_model_data": 9003000}, "model": "tac/table/top/obsidian"},
        { "predicate": {"custom_model_data": 9003001}, "model": "tac/table/obsidian/basic_1/1"},
        { "predicate": {"custom_model_data": 9003002}, "model": "tac/table/obsidian/basic_1/2"},
        { "predicate": {"custom_model_data": 9003003}, "model": "tac/table/obsidian/basic_1/3"},        
        { "predicate": {"custom_model_data": 9003004}, "model": "tac/table/empty"},
        { "predicate": {"custom_model_data": 9003009}, "model": "tac/table/obsidian/basic_1/full"},
        { "predicate": {"custom_model_data": 9003011}, "model": "tac/table/obsidian/basic_2/1"},
        { "predicate": {"custom_model_data": 9003012}, "model": "tac/table/obsidian/basic_2/2"},
        { "predicate": {"custom_model_data": 9003013}, "model": "tac/table/obsidian/basic_2/3"},
        { "predicate": {"custom_model_data": 9003014}, "model": "tac/table/obsidian/basic_2/4"},
        { "predicate": {"custom_model_data": 9003014}, "model": "tac/table/empty"},
        { "predicate": {"custom_model_data": 9003019}, "model": "tac/table/obsidian/basic_2/full"},
        { "predicate": {"custom_model_data": 9003021}, "model": "tac/table/obsidian/carved_1/1"},
        { "predicate": {"custom_model_data": 9003022}, "model": "tac/table/obsidian/carved_1/2"},
        { "predicate": {"custom_model_data": 9003023}, "model": "tac/table/obsidian/carved_1/3"},        
        { "predicate": {"custom_model_data": 9003024}, "model": "tac/table/empty"},
        { "predicate": {"custom_model_data": 9003029}, "model": "tac/table/obsidian/carved_1/full"},
        { "predicate": {"custom_model_data": 9003031}, "model": "tac/table/obsidian/carved_2/1"},
        { "predicate": {"custom_model_data": 9003032}, "model": "tac/table/obsidian/carved_2/2"},
        { "predicate": {"custom_model_data": 9003033}, "model": "tac/table/obsidian/carved_2/3"},        
        { "predicate": {"custom_model_data": 9003034}, "model": "tac/table/empty"},
        { "predicate": {"custom_model_data": 9003039}, "model": "tac/table/obsidian/carved_2/full"},
        
        { "predicate": {"custom_model_data": 9003100}, "model": "tac/table/top/quartz"},
        { "predicate": {"custom_model_data": 9003101}, "model": "tac/table/quartz/basic_1/1"},
        { "predicate": {"custom_model_data": 9003102}, "model": "tac/table/quartz/basic_1/2"},
        { "predicate": {"custom_model_data": 9003103}, "model": "tac/table/quartz/basic_1/3"},        
        { "predicate": {"custom_model_data": 9003104}, "model": "tac/table/empty"},
        { "predicate": {"custom_model_data": 9003109}, "model": "tac/table/quartz/basic_1/full"},
        { "predicate": {"custom_model_data": 9003111}, "model": "tac/table/quartz/basic_2/1"},
        { "predicate": {"custom_model_data": 9003112}, "model": "tac/table/quartz/basic_2/2"},
        { "predicate": {"custom_model_data": 9003113}, "model": "tac/table/quartz/basic_2/3"},
        { "predicate": {"custom_model_data": 9003114}, "model": "tac/table/quartz/basic_2/4"},
        { "predicate": {"custom_model_data": 9003114}, "model": "tac/table/empty"},
        { "predicate": {"custom_model_data": 9003119}, "model": "tac/table/quartz/basic_2/full"},
        { "predicate": {"custom_model_data": 9003121}, "model": "tac/table/quartz/carved_1/1"},
        { "predicate": {"custom_model_data": 9003122}, "model": "tac/table/quartz/carved_1/2"},
        { "predicate": {"custom_model_data": 9003123}, "model": "tac/table/quartz/carved_1/3"},        
        { "predicate": {"custom_model_data": 9003124}, "model": "tac/table/quartz/carved_1/empty_1"},
        { "predicate": {"custom_model_data": 9003129}, "model": "tac/table/quartz/carved_1/full"},
        { "predicate": {"custom_model_data": 9003131}, "model": "tac/table/quartz/carved_2/1"},
        { "predicate": {"custom_model_data": 9003132}, "model": "tac/table/quartz/carved_2/2"},
        { "predicate": {"custom_model_data": 9003133}, "model": "tac/table/quartz/carved_2/3"},        
        { "predicate": {"custom_model_data": 9003134}, "model": "tac/table/quartz/carved_2/empty_1"},
        { "predicate": {"custom_model_data": 9003139}, "model": "tac/table/quartz/carved_2/full"},

        { "predicate": {"custom_model_data": 9003200}, "model": "tac/table/top/blackstone"},
        { "predicate": {"custom_model_data": 9003201}, "model": "tac/table/blackstone/basic_1/1"},
        { "predicate": {"custom_model_data": 9003202}, "model": "tac/table/blackstone/basic_1/2"},
        { "predicate": {"custom_model_data": 9003203}, "model": "tac/table/blackstone/basic_1/3"},        
        { "predicate": {"custom_model_data": 9003204}, "model": "tac/table/empty"},
        { "predicate": {"custom_model_data": 9003209}, "model": "tac/table/blackstone/basic_1/full"},
        { "predicate": {"custom_model_data": 9003211}, "model": "tac/table/blackstone/basic_2/1"},
        { "predicate": {"custom_model_data": 9003212}, "model": "tac/table/blackstone/basic_2/2"},
        { "predicate": {"custom_model_data": 9003213}, "model": "tac/table/blackstone/basic_2/3"},
        { "predicate": {"custom_model_data": 9003214}, "model": "tac/table/blackstone/basic_2/4"},
        { "predicate": {"custom_model_data": 9003214}, "model": "tac/table/empty"},
        { "predicate": {"custom_model_data": 9003219}, "model": "tac/table/blackstone/basic_2/full"},
        



        { "predicate": {"custom_model_data": 9005000}, "model": "tac/items/iron_candelabra"},
        { "predicate": {"custom_model_data": 9005001}, "model": "tac/items/gold_candelabra"},
        { "predicate": {"custom_model_data": 9005002}, "model": "tac/items/diamond_candelabra"},
        { "predicate": {"custom_model_data": 9005003}, "model": "tac/items/netherite_candelabra"},







        { "predicate": {"custom_model_data": 9006100}, "model": "trophy/silverfish"},
        { "predicate": {"custom_model_data": 9006200}, "model": "trophy/creeper"},
        { "predicate": {"custom_model_data": 9006300}, "model": "trophy/enderman"},
    
        

        { "predicate": {"custom_model_data": 9009999}, "model": "tac/chair/basic/oak"}
	]
}