{
    "parent": "item/chest",
    "overrides": [
      {
        "predicate": { "custom_model_data": 1 },
        "model": "item/mover/handle_wood_chest"
      },
      {
        "predicate": { "custom_model_data": 2 },
        "model": "item/mover/handle_iron_chest"
      },
      {
        "predicate": { "custom_model_data": 3 },
        "model": "item/mover/handle_gold_chest"
      },
      {
        "predicate": { "custom_model_data": 4 },
        "model": "item/mover/handle_obsidian_chest"
      },
      {
        "predicate": { "custom_model_data": 5 },
        "model": "item/mover/handle_diamond_chest"
      },
      {
        "predicate": { "custom_model_data": 6 },
        "model": "item/mover/handle_netherite_chest"
      }
    ]
}
