{
		"textures": {"0": "block/spruce_planks"
	},
	"elements": [{
			"name": "leg",
			"from": [6, 9, 3],
			"to": [10, 13, 7],
			"rotation": {"angle": 0, "axis": "y", "origin": [7.5, 5.83333, 5.5]},
			"faces": {
				"north": {"uv": [0, 3, 4, 7], "texture": "#0"},
				"east": {"uv": [3, 3, 7, 7], "texture": "#0"},
				"south": {"uv": [0, 3, 4, 7], "texture": "#0"},
				"west": {"uv": [12, 3, 16, 7], "texture": "#0"},
				"down": {"uv": [12, 0, 16, 4], "texture": "#0"}
			}},
		{
			"name": "leg",
			"from": [6.5, 2, 3.5],
			"to": [9.5, 9, 6.5],
			"rotation": {"angle": 0, "axis": "y", "origin": [7.5, 5.83333, 5.5]},
			"faces": {
				"north": {"uv": [1, 7, 4, 14], "texture": "#0"},
				"east": {"uv": [13, 7, 16, 14], "texture": "#0"},
				"south": {"uv": [9, 7, 12, 14], "texture": "#0"},
				"west": {"uv": [5, 7, 8, 14], "texture": "#0"}
			}},
		{
			"name": "leg",
			"from": [5, 0, 2],
			"to": [11, 2, 8],
			"rotation": {"angle": 0, "axis": "y", "origin": [7.5, 5.83333, 5.5]},
			"faces": {
				"north": {"uv": [0, 14, 6, 16], "texture": "#0"},
				"east": {"uv": [10, 14, 16, 16], "texture": "#0"},
				"south": {"uv": [8, 14, 14, 16], "texture": "#0"},
				"west": {"uv": [4, 14, 10, 16], "texture": "#0"},
				"up": {"uv": [2, 4, 8, 10], "texture": "#0"},
				"down": {"uv": [5, 5, 11, 11], "texture": "#0"}
			}},
		{
			"name": "leg",
			"from": [6, 2, 3],
			"to": [10, 4, 7],
			"rotation": {"angle": 0, "axis": "y", "origin": [7.5, 6.83333, 5.5]},
			"faces": {
				"north": {"uv": [0, 12, 4, 14], "texture": "#0"},
				"east": {"uv": [11, 12, 15, 14], "texture": "#0"},
				"south": {"uv": [8, 12, 12, 14], "texture": "#0"},
				"west": {"uv": [4, 12, 8, 14], "texture": "#0"},
				"up": {"uv": [2, 4, 6, 8], "texture": "#0"}
			}},
		{
			"name": "Beam",
			"from": [0, 12, 4],
			"to": [16, 13, 6],
			"rotation": {"angle": 0, "axis": "y", "origin": [8, 12.5, 5]},
			"faces": {
				"north": {"uv": [0, 7, 16, 8], "texture": "#0"},
				"east": {"uv": [0, 7, 2, 8], "rotation": 180, "texture": "#0"},
				"south": {"uv": [0, 7, 16, 8], "texture": "#0"},
				"west": {"uv": [0, 7, 2, 8], "rotation": 180, "texture": "#0"},
				"down": {"uv": [0, 5, 16, 7], "texture": "#0"}
			}},
		{
			"name": "Beam",
			"from": [7, 12, 0],
			"to": [9, 13, 16],
			"rotation": {"angle": 0, "axis": "y", "origin": [8, 12.5, 8]},
			"faces": {
				"north": {"uv": [0, 7, 2, 8], "rotation": 180, "texture": "#0"},
				"east": {"uv": [0, 7, 16, 8], "texture": "#0"},
				"south": {"uv": [0, 7, 2, 8], "rotation": 180, "texture": "#0"},
				"west": {"uv": [0, 7, 16, 8], "texture": "#0"},
				"down": {"uv": [0, 5, 16, 7], "rotation": 270, "texture": "#0"}
			}},
		{
			"name": "leg",
			"from": [6, 0, 0],
			"to": [10, 1, 2],
			"rotation": {"angle": 0, "axis": "y", "origin": [8, 0.5, 2.5]},
			"faces": {
				"north": {"uv": [5, 7, 9, 8], "texture": "#0"},
				"east": {"uv": [0, 7, 2, 8], "texture": "#0"},
				"west": {"uv": [9, 7, 11, 8], "texture": "#0"},
				"up": {"uv": [5, 3, 9, 5], "texture": "#0"},
				"down": {"uv": [9, 14, 13, 16], "texture": "#0"}
			}},
		{
			"name": "leg",
			"from": [11, 0, 3],
			"to": [13, 1, 7],
			"rotation": {"angle": 0, "axis": "y", "origin": [8, 0.5, 5]},
			"faces": {
				"north": {"uv": [4, 7, 6, 8], "texture": "#0"},
				"east": {"uv": [0, 7, 4, 8], "texture": "#0"},
				"south": {"uv": [11, 7, 13, 8], "texture": "#0"},
				"up": {"uv": [0, 3, 4, 5], "rotation": 90, "texture": "#0"},
				"down": {"uv": [2, 10, 6, 12], "rotation": 270, "texture": "#0"}
			}},
		{
			"name": "leg",
			"from": [11, 1, 4],
			"to": [13, 2, 6],
			"rotation": {"angle": 0, "axis": "y", "origin": [8, 1.5, 5]},
			"faces": {
				"north": {"uv": [3, 7, 5, 8], "texture": "#0"},
				"east": {"uv": [9, 7, 11, 8], "texture": "#0"},
				"south": {"uv": [13, 7, 15, 8], "texture": "#0"},
				"up": {"uv": [0, 3, 2, 5], "rotation": 90, "texture": "#0"}
			}},
		{
			"name": "leg",
			"from": [7, 1, 8],
			"to": [9, 2, 16],
			"rotation": {"angle": 0, "axis": "y", "origin": [8, 1.5, 9]},
			"faces": {
				"east": {"uv": [3, 7, 4, 15], "rotation": 270, "texture": "#0"},
				"south": {"uv": [2, 15, 4, 16], "texture": "#0"},
				"west": {"uv": [0, 7, 1, 15], "rotation": 90, "texture": "#0"},
				"up": {"uv": [1, 7, 3, 15], "rotation": 180, "texture": "#0"}
			}},
		{
			"name": "leg",
			"from": [7, 1, 0],
			"to": [9, 2, 2],
			"rotation": {"angle": 0, "axis": "y", "origin": [8, 1.5, 1]},
			"faces": {
				"north": {"uv": [2, 15, 4, 16], "texture": "#0"},
				"east": {"uv": [0, 7, 1, 9], "rotation": 90, "texture": "#0"},
				"west": {"uv": [3, 7, 4, 9], "rotation": 270, "texture": "#0"},
				"up": {"uv": [1, 7, 3, 9], "texture": "#0"}
			}},
		{
			"name": "leg",
			"from": [6, 0, 8],
			"to": [10, 1, 16],
			"rotation": {"angle": 0, "axis": "y", "origin": [8, 0.5, 13.5]},
			"faces": {
				"east": {"uv": [0, 7, 8, 8], "texture": "#0"},
				"south": {"uv": [12, 7, 16, 8], "texture": "#0"},
				"west": {"uv": [2, 7, 10, 8], "texture": "#0"},
				"up": {"uv": [0, 4, 4, 12], "texture": "#0"},
				"down": {"uv": [5, 11, 9, 19], "rotation": 180, "texture": "#0"}
			}},
		{
			"name": "leg",
			"from": [3, 0, 3],
			"to": [5, 1, 7],
			"rotation": {"angle": 0, "axis": "y", "origin": [8, 0.5, 5]},
			"faces": {
				"north": {"uv": [6, 3, 8, 4], "texture": "#0"},
				"south": {"uv": [11, 7, 13, 8], "texture": "#0"},
				"west": {"uv": [7, 7, 11, 8], "texture": "#0"},
				"up": {"uv": [12, 11, 16, 13], "rotation": 270, "texture": "#0"},
				"down": {"uv": [12, 10, 16, 12], "rotation": 90, "texture": "#0"}
			}},
		{
			"name": "leg",
			"from": [3, 1, 4],
			"to": [5, 2, 6],
			"rotation": {"angle": 0, "axis": "y", "origin": [8, 1.5, 5]},
			"faces": {
				"north": {"uv": [5, 3, 7, 4], "texture": "#0"},
				"south": {"uv": [12, 7, 14, 8], "texture": "#0"},
				"west": {"uv": [9, 7, 11, 8], "texture": "#0"},
				"up": {"uv": [12, 11, 14, 13], "rotation": 270, "texture": "#0"}
			}}
	],
	"display": {
		"thirdperson_righthand": {
			"rotation": [45, 0, 0],
			"translation": [0, 1, 0],
			"scale": [0.35, 0.35, 0.35]
		},
		"thirdperson_lefthand": {
			"rotation": [45, 0, 0],
			"translation": [0, 1, 0],
			"scale": [0.35, 0.35, 0.35]
		},
		"firstperson_righthand": {
			"rotation": [-10, 15, 0],
			"translation": [1, 0, 0],
			"scale": [0.4, 0.4, 0.4]
		},
		"firstperson_lefthand": {
			"rotation": [-10, 15, 0],
			"translation": [1, 0, 0],
			"scale": [0.4, 0.4, 0.4]
		},
		"ground": {
			"translation": [0, 1, 0],
			"scale": [0.3, 0.3, 0.3]
		},
		"gui": {
			"rotation": [35, -135, 0],
			"translation": [0, -1, 0],
			"scale": [0.5, 0.5, 0.5]
		},
		"head": {
			"translation": [0, -32.9, 0],
			"scale": [2.289, 2.289, 2.289]
		},
		"fixed": {
			"scale": [0.8, 0.8, 0.8]
		}
	}
}