{
		"textures": {"0": "block/jungle_planks"
	},
	"elements": [{
			"name": "Leg", "from": [6, 11, 6], "to": [10, 13, 10], "rotation": {"angle": 0, "axis": "y", "origin": [0.5, 8, 14]}, "faces": {
				"north": {"uv": [4, 2, 8, 4], "texture": "#0"},
				"east": {"uv": [0, 2, 4, 4], "texture": "#0"},
				"south": {"uv": [12, 2, 16, 4], "texture": "#0"},
				"west": {"uv": [8, 2, 12, 4], "texture": "#0"},
				"down": {"uv": [5, 11, 6, 12], "rotation": 180, "texture": "#0"}
			}},
		{
			"name": "Leg", "from": [6.5, 0, 6.5], "to": [9.5, 13, 9.5], "rotation": {"angle": 0, "axis": "y", "origin": [1, 8, 14]}, "faces": {
				"north": {"uv": [4, 2, 7, 15], "texture": "#0"},
				"east": {"uv": [1, 2, 4, 15], "texture": "#0"},
				"south": {"uv": [12, 2, 15, 15], "texture": "#0"},
				"west": {"uv": [9, 2, 12, 15], "texture": "#0"},
				"down": {"uv": [11, 4, 14, 7], "rotation": 180, "texture": "#0"}
			}},
		{
			"name": "Peg", "from": [6, 7, 6], "to": [10, 8, 10], "rotation": {"angle": 0, "axis": "y", "origin": [1, 8, 14]}, "faces": {
				"north": {"uv": [4, 7, 8, 8], "texture": "#0"},
				"east": {"uv": [0, 7, 4, 8], "texture": "#0"},
				"south": {"uv": [12, 7, 16, 8], "texture": "#0"},
				"west": {"uv": [8, 7, 12, 8], "texture": "#0"},
				"up": {"uv": [4, 15, 5, 16], "rotation": 180, "texture": "#0"},
				"down": {"uv": [5, 11, 6, 12], "rotation": 180, "texture": "#0"}
			}},
		{
			"name": "Peg", "from": [6, 3, 6], "to": [10, 4, 10], "rotation": {"angle": 0, "axis": "y", "origin": [1, 8, 14]}, "faces": {
				"north": {"uv": [4, 11, 8, 12], "texture": "#0"},
				"east": {"uv": [0, 11, 4, 12], "texture": "#0"},
				"south": {"uv": [12, 11, 16, 12], "texture": "#0"},
				"west": {"uv": [8, 11, 12, 12], "texture": "#0"},
				"up": {"uv": [4, 15, 5, 16], "rotation": 180, "texture": "#0"},
				"down": {"uv": [5, 11, 6, 12], "rotation": 180, "texture": "#0"}
			}},
		{
			"name": "Peg", "from": [6, 1, 6], "to": [10, 2, 10], "rotation": {"angle": 0, "axis": "y", "origin": [1, 8, 14]}, "faces": {
				"north": {"uv": [4, 15, 8, 16], "texture": "#0"},
				"east": {"uv": [0, 15, 4, 16], "texture": "#0"},
				"south": {"uv": [12, 15, 16, 16], "texture": "#0"},
				"west": {"uv": [8, 15, 12, 16], "texture": "#0"},
				"up": {"uv": [4, 15, 5, 16], "rotation": 180, "texture": "#0"},
				"down": {"uv": [5, 11, 6, 12], "rotation": 180, "texture": "#0"}
			}}
	],
	"display": {
		"thirdperson_righthand": {
			"rotation": [45, 0, 0], "translation": [0, 1, 0], "scale": [0.35, 0.35, 0.35]
		},
		"thirdperson_lefthand": {
			"rotation": [45, 0, 0], "translation": [0, 1, 0], "scale": [0.35, 0.35, 0.35]
		},
		"firstperson_righthand": {
			"rotation": [-10, 15, 0], "translation": [1, 0, 0], "scale": [0.4, 0.4, 0.4]
		},
		"firstperson_lefthand": {
			"rotation": [-10, 15, 0], "translation": [1, 0, 0], "scale": [0.4, 0.4, 0.4]
		},
		"ground": {
			"translation": [0, 1, 0], "scale": [0.3, 0.3, 0.3]
		},
		"gui": {
			"rotation": [35, -135, 0], "translation": [0, -1, 0], "scale": [0.5, 0.5, 0.5]
		},
		"head": {
			"translation": [0, -32.9, 0], "scale": [2.289, 2.289, 2.289]
		},
		"fixed": {
			"scale": [0.8, 0.8, 0.8]
		}
	}
}