{
		"textures": {"0": "block/dark_oak_planks"
	},
	"elements": [{
			"name": "Seat", "from": [2, 8, 2], "to": [14, 10, 14], "rotation": {"angle": 0, "axis": "y", "origin": [8, 7, 8]}, "faces": {
				"north": {"uv": [1, 6, 13, 8], "texture": "#0"},
				"east": {"uv": [0, 3, 12, 5], "rotation": 180, "texture": "#0"},
				"south": {"uv": [1, 14, 13, 16], "texture": "#0"},
				"west": {"uv": [0, 6, 12, 8], "texture": "#0"},
				"up": {"uv": [2, 0, 14, 12], "texture": "#0"},
				"down": {"uv": [1, 3, 13, 15], "texture": "#0"}
			}},
		{
			"name": "Leg1", "from": [12.25, 0, 2.25], "to": [13.75, 8, 3.75], "rotation": {"angle": 0, "axis": "y", "origin": [20.25, 8, 10.25]}, "faces": {
				"north": {"uv": [5.25, 3, 6.75, 11], "texture": "#0"},
				"east": {"uv": [4.25, 3, 5.75, 11], "texture": "#0"},
				"south": {"uv": [3.25, 3, 4.75, 11], "texture": "#0"},
				"west": {"uv": [6.25, 3, 7.75, 11], "texture": "#0"}
			}},
		{
			"name": "Leg1N", "from": [12, 0, 2], "to": [14, 1, 4], "rotation": {"angle": 0, "axis": "y", "origin": [7.5, 7.5, 8.5]}, "faces": {
				"north": {"uv": [7, 3, 9, 4], "texture": "#0"},
				"east": {"uv": [10, 3, 12, 4], "texture": "#0"},
				"south": {"uv": [9, 3, 11, 4], "texture": "#0"},
				"west": {"uv": [8, 3, 10, 4], "texture": "#0"},
				"up": {"uv": [4, 1, 6, 3], "texture": "#0"},
				"down": {"uv": [6, 3, 8, 5], "texture": "#0"}
			}},
		{
			"name": "Leg1N", "from": [12, 6, 2], "to": [14, 8, 4], "rotation": {"angle": 0, "axis": "y", "origin": [7.5, 14.5, 8.5]}, "faces": {
				"north": {"uv": [7, 3, 9, 5], "texture": "#0"},
				"east": {"uv": [10, 3, 12, 5], "texture": "#0"},
				"south": {"uv": [9, 3, 11, 5], "texture": "#0"},
				"west": {"uv": [8, 3, 10, 5], "texture": "#0"},
				"down": {"uv": [6, 3, 8, 5], "texture": "#0"}
			}},
		{
			"name": "Leg2", "from": [2.25, 0, 2.25], "to": [3.75, 8, 3.75], "rotation": {"angle": 0, "axis": "y", "origin": [10.25, 8, 10.25]}, "faces": {
				"north": {"uv": [1.25, 3, 2.75, 11], "texture": "#0"},
				"east": {"uv": [0.25, 3, 1.75, 11], "texture": "#0"},
				"south": {"uv": [3.25, 3, 4.75, 11], "texture": "#0"},
				"west": {"uv": [2.25, 3, 3.75, 11], "texture": "#0"}
			}},
		{
			"name": "Leg2N", "from": [2, 6, 2], "to": [4, 8, 4], "rotation": {"angle": 0, "axis": "y", "origin": [-2.5, 14.5, 8.5]}, "faces": {
				"north": {"uv": [9, 3, 11, 5], "texture": "#0"},
				"east": {"uv": [3, 3, 5, 5], "texture": "#0"},
				"south": {"uv": [2, 3, 4, 5], "texture": "#0"},
				"west": {"uv": [6, 3, 8, 5], "texture": "#0"},
				"down": {"uv": [7, 3, 9, 5], "texture": "#0"}
			}},
		{
			"name": "Leg2N", "from": [2, 0, 2], "to": [4, 1, 4], "rotation": {"angle": 0, "axis": "y", "origin": [-2.5, 7.5, 8.5]}, "faces": {
				"north": {"uv": [5, 3, 7, 4], "texture": "#0"},
				"east": {"uv": [3, 3, 5, 4], "texture": "#0"},
				"south": {"uv": [2, 3, 4, 4], "texture": "#0"},
				"west": {"uv": [6, 3, 8, 4], "texture": "#0"},
				"up": {"uv": [7, 14, 9, 16], "texture": "#0"},
				"down": {"uv": [7, 3, 9, 5], "texture": "#0"}
			}},
		{
			"name": "Leg3", "from": [2.25, 0, 12.25], "to": [3.75, 8, 13.75], "rotation": {"angle": 0, "axis": "y", "origin": [10.25, 8, 20.25]}, "faces": {
				"north": {"uv": [5.25, 3, 6.75, 11], "texture": "#0"},
				"east": {"uv": [4.25, 3, 5.75, 11], "texture": "#0"},
				"south": {"uv": [7.25, 3, 8.75, 11], "texture": "#0"},
				"west": {"uv": [6.25, 3, 7.75, 11], "texture": "#0"}
			}},
		{
			"name": "Leg3N", "from": [2, 0, 12], "to": [4, 1, 14], "rotation": {"angle": 0, "axis": "y", "origin": [-2.5, 7.5, 18.5]}, "faces": {
				"north": {"uv": [7, 3, 9, 4], "texture": "#0"},
				"east": {"uv": [10, 3, 12, 4], "texture": "#0"},
				"south": {"uv": [9, 3, 11, 4], "texture": "#0"},
				"west": {"uv": [8, 3, 10, 4], "texture": "#0"},
				"up": {"uv": [10, 1, 12, 3], "texture": "#0"},
				"down": {"uv": [6, 3, 8, 5], "texture": "#0"}
			}},
		{
			"name": "Leg3N", "from": [2, 6, 12], "to": [4, 8, 14], "rotation": {"angle": 0, "axis": "y", "origin": [-2.5, 14.5, 18.5]}, "faces": {
				"north": {"uv": [7, 3, 9, 5], "texture": "#0"},
				"east": {"uv": [10, 3, 12, 5], "texture": "#0"},
				"south": {"uv": [9, 3, 11, 5], "texture": "#0"},
				"west": {"uv": [8, 3, 10, 5], "texture": "#0"},
				"down": {"uv": [6, 3, 8, 5], "texture": "#0"}
			}},
		{
			"name": "Leg4", "from": [12.25, 0, 12.25], "to": [13.75, 8, 13.75], "rotation": {"angle": 0, "axis": "y", "origin": [20.25, 8, 20.25]}, "faces": {
				"north": {"uv": [6.25, 3, 7.75, 11], "texture": "#0"},
				"east": {"uv": [5.25, 3, 6.75, 11], "texture": "#0"},
				"south": {"uv": [4.25, 3, 5.75, 11], "texture": "#0"},
				"west": {"uv": [7.25, 3, 8.75, 11], "texture": "#0"}
			}},
		{
			"name": "Leg4N", "from": [12, 6, 12], "to": [14, 8, 14], "rotation": {"angle": 0, "axis": "y", "origin": [7.5, 14.5, 18.5]}, "faces": {
				"north": {"uv": [7, 3, 9, 5], "texture": "#0"},
				"east": {"uv": [10, 3, 12, 5], "texture": "#0"},
				"south": {"uv": [9, 3, 11, 5], "texture": "#0"},
				"west": {"uv": [8, 3, 10, 5], "texture": "#0"},
				"down": {"uv": [6, 3, 8, 5], "texture": "#0"}
			}},
		{
			"name": "Leg4N", "from": [12, 0, 12], "to": [14, 1, 14], "rotation": {"angle": 0, "axis": "y", "origin": [7.5, 7.5, 18.5]}, "faces": {
				"north": {"uv": [7, 3, 9, 4], "texture": "#0"},
				"east": {"uv": [10, 3, 12, 4], "texture": "#0"},
				"south": {"uv": [9, 3, 11, 4], "texture": "#0"},
				"west": {"uv": [8, 3, 10, 4], "texture": "#0"},
				"up": {"uv": [7, 2, 9, 4], "texture": "#0"},
				"down": {"uv": [6, 3, 8, 5], "texture": "#0"}
			}},
		{
			"name": "Back1", "from": [2.25, 12, 12.25], "to": [3.75, 20, 13.75], "rotation": {"angle": 0, "axis": "y", "origin": [10.25, 20, 20.25]}, "faces": {
				"north": {"uv": [1.25, 4, 2.75, 12], "texture": "#0"},
				"east": {"uv": [0.25, 4, 1.75, 12], "texture": "#0"},
				"south": {"uv": [4.25, 4, 5.75, 12], "texture": "#0"},
				"west": {"uv": [2.25, 4, 3.75, 12], "texture": "#0"}
			}},
		{
			"name": "Back1N", "from": [2, 20, 12], "to": [4, 22, 14], "rotation": {"angle": 0, "axis": "y", "origin": [-2.5, 27.5, 18.5]}, "faces": {
				"north": {"uv": [10, 2, 12, 4], "texture": "#0"},
				"east": {"uv": [4, 2, 6, 4], "texture": "#0"},
				"south": {"uv": [3, 2, 5, 4], "texture": "#0"},
				"west": {"uv": [6, 2, 8, 4], "texture": "#0"},
				"up": {"uv": [6, 4, 8, 6], "texture": "#0"},
				"down": {"uv": [7, 3, 9, 5], "texture": "#0"}
			}},
		{
			"name": "Back1N", "from": [2, 10, 12], "to": [4, 13, 14], "rotation": {"angle": 0, "axis": "y", "origin": [-2.5, 19.5, 18.5]}, "faces": {
				"north": {"uv": [8, 3, 10, 6], "texture": "#0"},
				"east": {"uv": [3, 3, 5, 6], "texture": "#0"},
				"south": {"uv": [4, 3, 6, 6], "texture": "#0"},
				"west": {"uv": [9, 3, 11, 6], "texture": "#0"},
				"up": {"uv": [6, 3, 8, 5], "texture": "#0"},
				"down": {"uv": [7, 3, 9, 5], "texture": "#0"}
			}},
		{
			"name": "Back2", "from": [12.25, 12, 12.25], "to": [13.75, 20, 13.75], "rotation": {"angle": 0, "axis": "y", "origin": [20.25, 20, 20.25]}, "faces": {
				"north": {"uv": [3.25, 0, 4.75, 8], "texture": "#0"},
				"east": {"uv": [2.25, 0, 3.75, 8], "texture": "#0"},
				"south": {"uv": [1.25, 0, 2.75, 8], "texture": "#0"},
				"west": {"uv": [4.25, 0, 5.75, 8], "texture": "#0"}
			}},
		{
			"name": "Back2N", "from": [12, 20, 12], "to": [14, 22, 14], "rotation": {"angle": 0, "axis": "y", "origin": [7.5, 27.5, 18.5]}, "faces": {
				"north": {"uv": [10, 2, 12, 4], "texture": "#0"},
				"east": {"uv": [4, 2, 6, 4], "texture": "#0"},
				"south": {"uv": [3, 2, 5, 4], "texture": "#0"},
				"west": {"uv": [6, 2, 8, 4], "texture": "#0"},
				"up": {"uv": [6, 4, 8, 6], "texture": "#0"},
				"down": {"uv": [7, 3, 9, 5], "texture": "#0"}
			}},
		{
			"name": "Back2N", "from": [12, 10, 12], "to": [14, 13, 14], "rotation": {"angle": 0, "axis": "y", "origin": [7.5, 19.5, 18.5]}, "faces": {
				"north": {"uv": [5, 3, 7, 6], "texture": "#0"},
				"east": {"uv": [5, 3, 7, 6], "texture": "#0"},
				"south": {"uv": [3, 3, 5, 6], "texture": "#0"},
				"west": {"uv": [8, 3, 10, 6], "texture": "#0"},
				"up": {"uv": [6, 3, 8, 5], "texture": "#0"},
				"down": {"uv": [7, 3, 9, 5], "texture": "#0"}
			}},
		{
			"name": "BackB0", "from": [4, 10.5, 12], "to": [12, 11, 14], "rotation": {"angle": 0, "axis": "y", "origin": [12, 18, 21]}, "faces": {
				"north": {"uv": [5, 11, 13, 11.5], "texture": "#0"},
				"south": {"uv": [2, 4, 10, 4.5], "texture": "#0"},
				"up": {"uv": [2, 11, 10, 13], "texture": "#0"},
				"down": {"uv": [6, 6, 14, 8], "texture": "#0"}
			}},
		{
			"name": "BackB0", "from": [4, 21, 12], "to": [12, 22, 14], "rotation": {"angle": 0, "axis": "y", "origin": [12, 28.5, 21]}, "faces": {
				"north": {"uv": [4, 9, 12, 10], "texture": "#0"},
				"east": {"uv": [2, 0, 4, 1], "texture": "#0"},
				"south": {"uv": [3, 8, 11, 9], "texture": "#0"},
				"west": {"uv": [0, 0, 2, 1], "texture": "#0"},
				"up": {"uv": [5, 9, 13, 11], "texture": "#0"},
				"down": {"uv": [6, 8, 14, 10], "texture": "#0"}
			}},
		{
			"name": "BackB1", "from": [10.5, 11, 12.5], "to": [11.5, 22, 13.5], "rotation": {"angle": 0, "axis": "y", "origin": [18.5, 20, 20.5]}, "faces": {
				"north": {"uv": [8, 2, 9, 13], "texture": "#0"},
				"east": {"uv": [1, 2, 2, 13], "texture": "#0"},
				"south": {"uv": [3, 2, 4, 13], "texture": "#0"},
				"west": {"uv": [0, 2, 1, 13], "texture": "#0"}
			}},
		{
			"name": "BackB2", "from": [8.5, 11, 12.5], "to": [9.5, 22, 13.5], "rotation": {"angle": 0, "axis": "y", "origin": [16.5, 20, 20.5]}, "faces": {
				"north": {"uv": [2, 2, 3, 13], "texture": "#0"},
				"east": {"uv": [3, 2, 4, 13], "texture": "#0"},
				"south": {"uv": [5, 2, 6, 13], "texture": "#0"},
				"west": {"uv": [2, 2, 3, 13], "texture": "#0"}
			}},
		{
			"name": "BackB3", "from": [6.5, 11, 12.5], "to": [7.5, 22, 13.5], "rotation": {"angle": 0, "axis": "y", "origin": [14.5, 20, 20.5]}, "faces": {
				"north": {"uv": [6, 2, 7, 13], "texture": "#0"},
				"east": {"uv": [3, 2, 4, 13], "texture": "#0"},
				"south": {"uv": [0, 2, 1, 13], "texture": "#0"},
				"west": {"uv": [6, 2, 7, 13], "texture": "#0"}
			}},
		{
			"name": "BackB4", "from": [4.5, 11, 12.5], "to": [5.5, 22, 13.5], "rotation": {"angle": 0, "axis": "y", "origin": [12.5, 20, 20.5]}, "faces": {
				"north": {"uv": [0, 2, 1, 13], "texture": "#0"},
				"east": {"uv": [2, 2, 3, 13], "texture": "#0"},
				"south": {"uv": [1, 2, 2, 13], "texture": "#0"},
				"west": {"uv": [1, 2, 2, 13], "texture": "#0"}
			}},
		{
			"name": "Beam", "from": [3.75, 6, 2.5], "to": [12.25, 7, 3.5], "rotation": {"angle": 0, "axis": "y", "origin": [12, 13.5, 11.5]}, "faces": {
				"north": {"uv": [3, 9, 11.5, 10], "texture": "#0"},
				"south": {"uv": [4, 8, 12.5, 9], "texture": "#0"},
				"up": {"uv": [3, 13, 11.5, 14], "rotation": 180, "texture": "#0"},
				"down": {"uv": [0.75, 8, 9.25, 9], "texture": "#0"}
			}},
		{
			"name": "Beam", "from": [3.75, 6, 12.5], "to": [12.25, 7, 13.5], "rotation": {"angle": 0, "axis": "y", "origin": [12, 13.5, 21.5]}, "faces": {
				"north": {"uv": [6.75, 10, 15.25, 11], "texture": "#0"},
				"south": {"uv": [5.75, 5, 14.25, 6], "texture": "#0"},
				"up": {"uv": [4.75, 13, 13.25, 14], "rotation": 180, "texture": "#0"},
				"down": {"uv": [2.75, 8, 11.25, 9], "texture": "#0"}
			}},
		{
			"name": "Beam", "from": [3.5, 0, 6], "to": [12.5, 1, 7], "rotation": {"angle": 0, "axis": "y", "origin": [12, 7.5, 15]}, "faces": {
				"north": {"uv": [6, 15, 15, 16], "texture": "#0"},
				"south": {"uv": [3, 3, 12, 4], "texture": "#0"},
				"up": {"uv": [0, 15, 9, 16], "texture": "#0"},
				"down": {"uv": [6, 7, 15, 8], "texture": "#0"}
			}},
		{
			"name": "Beam", "from": [3.5, 0, 9], "to": [12.5, 1, 10], "rotation": {"angle": 0, "axis": "y", "origin": [12, 7.5, 18]}, "faces": {
				"north": {"uv": [5, 15, 14, 16], "texture": "#0"},
				"south": {"uv": [4, 3, 13, 4], "texture": "#0"},
				"up": {"uv": [5, 11, 14, 12], "texture": "#0"},
				"down": {"uv": [6, 7, 15, 8], "texture": "#0"}
			}},
		{
			"name": "Beam", "from": [12.5, 0, 4], "to": [13.5, 1, 12], "rotation": {"angle": 0, "axis": "y", "origin": [4.5, 7.5, 12]}, "faces": {
				"east": {"uv": [4, 11, 12, 12], "texture": "#0"},
				"west": {"uv": [2, 7, 10, 8], "texture": "#0"},
				"up": {"uv": [2, 11, 10, 12], "rotation": 90, "texture": "#0"},
				"down": {"uv": [6, 7, 14, 8], "rotation": 270, "texture": "#0"}
			}},
		{
			"name": "Beam", "from": [2.5, 7, 4], "to": [3.5, 8, 12], "rotation": {"angle": 0, "axis": "y", "origin": [-5.5, 14.5, 12]}, "faces": {
				"east": {"uv": [1, 11, 9, 12], "texture": "#0"},
				"west": {"uv": [5, 3, 13, 4], "texture": "#0"},
				"up": {"uv": [5, 7, 13, 8], "rotation": 90, "texture": "#0"},
				"down": {"uv": [5, 7, 13, 8], "rotation": 270, "texture": "#0"}
			}},
		{
			"name": "Beam", "from": [12.5, 7, 4], "to": [13.5, 8, 12], "rotation": {"angle": 0, "axis": "y", "origin": [4.5, 14.5, 12]}, "faces": {
				"east": {"uv": [6, 11, 14, 12], "texture": "#0"},
				"west": {"uv": [2, 11, 10, 12], "texture": "#0"},
				"up": {"uv": [5, 7, 13, 8], "rotation": 90, "texture": "#0"},
				"down": {"uv": [5, 7, 13, 8], "rotation": 270, "texture": "#0"}
			}},
		{
			"name": "Beam", "from": [2.5, 0, 4], "to": [3.5, 1, 12], "rotation": {"angle": 0, "axis": "y", "origin": [-5.5, 7.5, 12]}, "faces": {
				"east": {"uv": [1, 11, 9, 12], "texture": "#0"},
				"west": {"uv": [5, 11, 13, 12], "texture": "#0"},
				"up": {"uv": [5, 7, 13, 8], "rotation": 90, "texture": "#0"},
				"down": {"uv": [5, 7, 13, 8], "rotation": 270, "texture": "#0"}
			}}
	],
	"display": {
		"thirdperson_righthand": {
			"rotation": [45, 0, 0], "translation": [0, 1, 0], "scale": [0.35, 0.35, 0.35]
		},
		"thirdperson_lefthand": {
			"rotation": [45, 0, 0], "translation": [0, 1, 0], "scale": [0.35, 0.35, 0.35]
		},
		"firstperson_righthand": {
			"rotation": [-10, 15, 0], "translation": [1, 0, 0], "scale": [0.4, 0.4, 0.4]
		},
		"firstperson_lefthand": {
			"rotation": [-10, 15, 0], "translation": [1, 0, 0], "scale": [0.4, 0.4, 0.4]
		},
		"ground": {
			"translation": [0, 1, 0], "scale": [0.3, 0.3, 0.3]
		},
		"gui": {
			"rotation": [35, -135, 0], "translation": [0, -1.5, 0], "scale": [0.5, 0.5, 0.5]
		},
		"head": {
			"rotation": [0, 90, 0], "translation": [0, -46, 0], "scale": [2.3, 2.3, 2.3]
		},
		"fixed": {
			"translation": [0, -3.5, -4.1], "scale": [0.8, 0.8, 0.8]
		}
	}
}