
{
	"textures": {"1": "block/white_wool",
		"particle": "block/white_wool"
	},
	"elements": [{
			"name": "wool",
			"from": [-0.005, 13.76, -0.005],
			"to": [16.005, 14.76, 16.005],
			"faces": {
				"north": {"uv": [0, 15, 16, 16], "texture": "#1"},
				"east": {"uv": [0, 15, 16, 16], "texture": "#1"},
				"south": {"uv": [0, 15, 16, 16], "texture": "#1"},
				"west": {"uv": [0, 15, 16, 16], "texture": "#1"},
				"up": {"uv": [0, 0, 16, 16], "texture": "#1", "rotation": 270},
				"down": {"uv": [0, 0, 16, 16], "texture": "#1"}
			}},
		{
			"name": "wool",
			"from": [-0.005, 12.76, -0.005],
			"to": [1.005, 13.26, 1.005],
			"faces": {
				"north": {"uv": [8, 5, 9.01, 5.5], "texture": "#1"},
				"east": {"uv": [0, 0, 1.01, 0.5], "texture": "#1"},
				"south": {"uv": [0, 0, 1.01, 0.5], "texture": "#1"},
				"west": {"uv": [5, 5, 6.01, 5.5], "texture": "#1"},
				"up": {"uv": [0, 0, 1.01, 1.01], "texture": "#1"},
				"down": {"uv": [0, 0, 1.01, 1.01], "texture": "#1"}
			}},
		{
			"name": "wool",
			"from": [-0.005, 13.26, -0.005],
			"to": [2.005, 13.76, 2.005],
			"faces": {
				"north": {"uv": [6, 2, 8.01, 2.5], "texture": "#1"},
				"east": {"uv": [0, 0, 2.01, 0.5], "texture": "#1"},
				"south": {"uv": [0, 0, 2.01, 0.5], "texture": "#1"},
				"west": {"uv": [0, 9, 2.01, 9.5], "texture": "#1"},
				"up": {"uv": [0, 0, 2.01, 2.01], "texture": "#1"},
				"down": {"uv": [0, 0, 2.01, 2.01], "texture": "#1"}
			}},
		{
			"name": "wool",
			"from": [-0.005, 13.26, 13.995],
			"to": [2.005, 13.76, 16.005],
			"faces": {
				"north": {"uv": [6, 2, 8.01, 2.5], "texture": "#1"},
				"east": {"uv": [0, 0, 2.01, 0.5], "texture": "#1"},
				"south": {"uv": [2, 6, 4.01, 6.5], "texture": "#1"},
				"west": {"uv": [8, 5, 10.01, 5.5], "texture": "#1"},
				"up": {"uv": [0, 0, 2.01, 2.01], "texture": "#1"},
				"down": {"uv": [0, 0, 2.01, 2.01], "texture": "#1"}
			}},
		{
			"name": "wool",
			"from": [-0.005, 12.76, 14.995],
			"to": [1.005, 13.26, 16.005],
			"faces": {
				"north": {"uv": [8, 5, 9.01, 5.5], "texture": "#1"},
				"east": {"uv": [0, 0, 1.01, 0.5], "texture": "#1"},
				"south": {"uv": [5, 3, 6.01, 3.5], "texture": "#1"},
				"west": {"uv": [5, 5, 6.01, 5.5], "texture": "#1"},
				"up": {"uv": [0, 0, 1.01, 1.01], "texture": "#1"},
				"down": {"uv": [0, 0, 1.01, 1.01], "texture": "#1"}
			}},
		{
			"name": "wool",
			"from": [13.995, 13.26, 13.995],
			"to": [16.005, 13.76, 16.005],
			"faces": {
				"north": {"uv": [6, 2, 8.01, 2.5], "texture": "#1"},
				"east": {"uv": [4, 3, 6.01, 3.5], "texture": "#1"},
				"south": {"uv": [8, 6, 10.01, 6.5], "texture": "#1"},
				"west": {"uv": [8, 5, 10.01, 5.5], "texture": "#1"},
				"up": {"uv": [0, 0, 2.01, 2.01], "texture": "#1"},
				"down": {"uv": [0, 0, 2.01, 2.01], "texture": "#1"}
			}},
		{
			"name": "wool",
			"from": [14.995, 12.76, 14.995],
			"to": [16.005, 13.26, 16.005],
			"faces": {
				"north": {"uv": [8, 5, 9.01, 5.5], "texture": "#1"},
				"east": {"uv": [3, 4, 4.01, 4.5], "texture": "#1"},
				"south": {"uv": [7, 3, 8.01, 3.5], "texture": "#1"},
				"west": {"uv": [5, 5, 6.01, 5.5], "texture": "#1"},
				"up": {"uv": [0, 0, 1.01, 1.01], "texture": "#1"},
				"down": {"uv": [0, 0, 1.01, 1.01], "texture": "#1"}
			}},
		{
			"name": "wool",
			"from": [13.995, 13.26, -0.005],
			"to": [16.005, 13.76, 2.005],
			"faces": {
				"north": {"uv": [12, 3, 14.01, 3.5], "texture": "#1"},
				"east": {"uv": [6, 3, 8.01, 3.5], "texture": "#1"},
				"south": {"uv": [8, 6, 10.01, 6.5], "texture": "#1"},
				"west": {"uv": [8, 5, 10.01, 5.5], "texture": "#1"},
				"up": {"uv": [0, 0, 2.01, 2.01], "texture": "#1"},
				"down": {"uv": [0, 0, 2.01, 2.01], "texture": "#1"}
			}},
		{
			"name": "wool",
			"from": [14.995, 12.76, -0.005],
			"to": [16.005, 13.26, 1.005],
			"faces": {
				"north": {"uv": [9, 5, 10.01, 5.5], "texture": "#1"},
				"east": {"uv": [3, 4, 4.01, 4.5], "texture": "#1"},
				"south": {"uv": [7, 3, 8.01, 3.5], "texture": "#1"},
				"west": {"uv": [5, 5, 6.01, 5.5], "texture": "#1"},
				"up": {"uv": [0, 0, 1.01, 1.01], "texture": "#1"},
				"down": {"uv": [0, 0, 1.01, 1.01], "texture": "#1"}
			}}
	],
	"display": {
		"thirdperson_righthand": {
			"rotation": [0, 0, 0],
			"translation": [0, 0, 0],
			"scale": [0.85, 0.85, 0.85]
		},
		"thirdperson_lefthand": {
			"rotation": [90, -90, 0],
			"translation": [-6, -2, -10.8],
			"scale": [2.0038, 2.2, 2.0038]
		},
		"firstperson_lefthand": {
			"rotation": [0, 0, 0],
			"translation": [0, 0, 0],
			"scale": [0.2, 0.2, 0.2]
		},
		"gui": {
			"rotation": [30, 35, 0],
			"translation": [0, -4, 0],
			"scale": [0.5, 0.5, 0.5]
		},
		"head": {
			"rotation": [0, 90, 0],
			"translation": [0, 0, 0],
			"scale": [2, 2, 2]
		},
		"fixed": {
			"rotation": [0, 0, 0],
			"translation": [0, -4, 0],
			"scale": [0.5, 0.5, 0.5]
		}
	}
}